timestamp,temperature,humidity,PM2.5,PM10,NO2,SO2,CO,AQI
2026-01-01 00:00:00,20.1,79.0,34.4,48.0,12.6,7.9,0.56,96
2026-01-01 01:00:00,17.3,81.0,34.6,59.5,10.0,7.9,0.41,95
2026-01-01 02:00:00,19.5,79.0,20.9,35.7,12.8,7.0,0.56,69
2026-01-01 03:00:00,16.1,80.0,12.6,24.8,13.6,6.4,0.5,48
2026-01-01 04:00:00,15.3,88.0,57.4,131.0,13.8,6.6,0.35,153
2026-01-01 05:00:00,17.3,77.0,34.7,63.5,10.6,8.2,0.56,99
2026-01-01 06:00:00,18.1,81.0,55.0,79.7,14.2,8.8,0.41,150
2026-01-01 07:00:00,21.5,72.0,35.8,99.9,11.9,9.2,0.27,103
2026-01-01 08:00:00,23.1,73.0,30.4,51.7,25.0,4.4,1.06,89
2026-01-01 09:00:00,24.4,75.0,157.1,254.6,25.2,6.2,0.94,499
2026-01-01 10:00:00,26.5,62.0,151.5,199.9,25.7,5.7,0.99,202
2026-01-01 11:00:00,26.0,66.0,79.9,170.9,10.8,5.2,0.59,168
2026-01-01 12:00:00,30.4,65.0,16.7,34.3,14.6,4.4,0.65,59
2026-01-01 13:00:00,,66.0,51.0,90.9,12.6,4.6,0.59,137
2026-01-01 14:00:00,30.5,64.0,48.8,96.8,12.8,4.8,0.51,133
2026-01-01 15:00:00,33.9,64.0,48.7,79.7,15.1,6.0,0.49,131
2026-01-01 16:00:00,33.6,61.0,77.7,104.8,17.0,5.4,0.65,162
2026-01-01 17:00:00,30.2,69.0,36.4,89.8,31.3,4.4,1.24,103
2026-01-01 18:00:00,32.0,71.0,31.4,63.6,27.5,6.1,1.14,94
2026-01-01 19:00:00,29.9,78.0,33.5,61.1,26.9,5.7,1.14,97
2026-01-01 20:00:00,27.8,67.0,183.7,325.2,30.6,4.3,1.12,235
2026-01-01 21:00:00,25.2,75.0,13.9,58.4,9.1,4.1,0.39,56
2026-01-01 22:00:00,24.6,78.0,11.2,68.3,7.8,5.2,0.43,60
2026-01-01 23:00:00,21.1,85.0,38.2,109.7,10.5,7.4,0.44,108
2026-01-02 00:00:00,22.9,66.0,12.2,23.5,12.2,6.7,0.45,54
2026-01-02 01:00:00,18.4,85.0,11.1,20.0,16.3,8.2,0.32,46
2026-01-02 02:00:00,16.4,89.0,11.7,21.1,15.3,7.9,0.35,50
2026-01-02 03:00:00,19.0,83.0,40.2,65.8,14.5,6.9,0.52,114
2026-01-02 04:00:00,16.0,85.0,11.1,27.9,11.8,9.1,0.59,45
2026-01-02 05:00:00,17.5,84.0,64.0,119.8,12.4,7.0,0.49,154
2026-01-02 06:00:00,19.6,83.0,11.9,35.6,16.2,8.0,0.47,49
2026-01-02 07:00:00,21.4,82.0,12.1,66.0,12.7,6.9,0.55,56
2026-01-02 08:00:00,24.3,76.0,29.6,101.8,23.6,3.4,0.9,86
2026-01-02 09:00:00,26.9,77.0,93.8,167.7,27.6,5.2,1.05,170
2026-01-02 10:00:00,27.7,67.0,159.6,232.0,27.1,6.4,0.9,211
2026-01-02 11:00:00,30.1,61.0,47.7,94.7,12.9,4.9,0.62,129
2026-01-02 12:00:00,29.5,66.0,15.3,74.9,15.0,6.4,0.55,59
2026-01-02 13:00:00,34.1,48.0,80.4,124.8,14.6,4.9,0.61,162
2026-01-02 14:00:00,33.6,67.0,74.5,153.6,12.9,5.3,0.66,161
2026-01-02 15:00:00,33.2,71.0,48.5,88.9,16.3,5.4,0.76,131
2026-01-02 16:00:00,31.6,59.0,18.3,36.4,11.0,3.3,0.61,65
2026-01-02 17:00:00,33.5,63.0,36.9,123.6,31.4,4.7,1.02,106
2026-01-02 18:00:00,30.6,70.0,33.1,109.7,28.9,6.7,1.18,94
2026-01-02 19:00:00,26.8,62.0,113.6,194.4,29.7,4.5,1.28,181
2026-01-02 20:00:00,29.0,66.0,114.8,158.2,29.3,6.7,1.23,181
2026-01-02 21:00:00,24.6,64.0,12.8,75.5,12.0,5.3,0.49,58
2026-01-02 22:00:00,,78.0,9.3,24.2,9.8,5.1,0.35,36
2026-01-02 23:00:00,21.9,80.0,12.4,53.6,10.9,6.8,0.47,49
2026-01-03 00:00:00,18.7,75.0,42.1,114.5,13.5,8.5,0.49,115
2026-01-03 01:00:00,19.1,78.0,12.8,52.0,16.7,7.4,0.58,53
2026-01-03 02:00:00,22.1,82.0,18.3,32.5,8.5,7.4,0.53,61
2026-01-03 03:00:00,16.2,81.0,66.9,139.5,13.4,9.1,0.54,155
2026-01-03 04:00:00,19.7,83.0,13.9,32.4,12.1,5.7,0.61,55
2026-01-03 05:00:00,18.4,80.0,14.2,26.0,12.2,6.7,0.54,53
2026-01-03 06:00:00,19.9,79.0,15.3,79.8,13.2,6.9,0.49,64
2026-01-03 07:00:00,21.5,87.0,18.6,70.0,11.9,5.8,0.41,65
2026-01-03 08:00:00,23.5,70.0,8.6,26.1,10.3,5.1,0.36,34
2026-01-03 09:00:00,26.3,76.0,27.7,52.9,11.0,5.0,0.42,82
2026-01-03 10:00:00,27.4,68.0,58.3,124.7,17.2,4.9,0.65,153
2026-01-03 11:00:00,30.8,52.0,95.2,171.9,12.9,4.2,0.53,170
2026-01-03 12:00:00,30.9,72.0,18.5,46.7,18.6,4.3,0.7,64
2026-01-03 13:00:00,33.0,56.0,57.8,121.8,17.4,5.4,0.64,150
2026-01-03 14:00:00,34.2,54.0,22.6,86.7,17.8,6.5,0.64,72
2026-01-03 15:00:00,32.4,66.0,28.2,82.5,8.3,4.0,0.25,87
2026-01-03 16:00:00,33.9,58.0,10.6,46.1,15.1,7.0,0.44,44
2026-01-03 17:00:00,32.8,62.0,24.4,51.9,7.8,5.1,0.4,79
2026-01-03 18:00:00,28.3,75.0,24.2,35.9,18.2,6.1,0.59,75
2026-01-03 19:00:00,30.2,71.0,20.5,37.3,18.9,4.9,0.56,68
2026-01-03 20:00:00,27.0,72.0,67.8,150.2,20.4,4.4,0.76,157
2026-01-03 21:00:00,25.5,68.0,69.6,127.8,18.3,4.7,0.77,156
2026-01-03 22:00:00,22.1,77.0,29.4,54.5,4.5,4.0,0.41,500
2026-01-03 23:00:00,20.9,77.0,15.6,58.2,15.3,8.9,0.59,55
2026-01-04 00:00:00,18.8,84.0,41.7,75.7,12.9,7.8,0.56,119
2026-01-04 01:00:00,16.8,81.0,66.1,85.0,14.1,6.3,0.61,155
2026-01-04 02:00:00,16.7,90.0,17.7,36.0,9.9,8.8,0.36,59
2026-01-04 03:00:00,16.4,90.0,42.2,63.0,14.0,5.9,0.43,119
2026-01-04 04:00:00,17.8,82.0,65.7,87.8,13.6,6.0,0.58,160
2026-01-04 05:00:00,19.4,78.0,15.6,32.3,13.9,8.6,0.67,60
2026-01-04 06:00:00,16.9,78.0,41.7,88.8,13.8,6.1,0.47,118
2026-01-04 07:00:00,19.9,83.0,12.3,58.8,11.7,8.3,0.49,53
2026-01-04 08:00:00,27.0,69.0,9.7,19.5,10.3,7.2,0.39,36
2026-01-04 09:00:00,24.7,75.0,27.1,50.4,8.3,5.0,0.39,84
2026-01-04 10:00:00,27.6,61.0,96.2,192.2,18.2,4.7,0.73,168
2026-01-04 11:00:00,29.2,70.0,19.1,66.1,16.9,5.9,0.68,66
2026-01-04 12:00:00,32.4,58.0,17.0,25.9,18.0,4.2,0.78,60
2026-01-04 13:00:00,32.4,63.0,56.1,97.7,17.5,6.1,0.69,153
2026-01-04 14:00:00,32.3,68.0,20.9,99.8,17.6,3.5,0.54,71
2026-01-04 15:00:00,34.5,56.0,9.0,20.9,9.7,5.4,0.52,36
2026-01-04 16:00:00,34.5,57.0,47.3,90.7,8.5,6.4,0.52,126
2026-01-04 17:00:00,32.3,58.0,9.3,59.5,12.6,4.6,0.33,53
2026-01-04 18:00:00,30.1,68.0,28.8,67.2,21.3,4.8,0.82,87
2026-01-04 19:00:00,30.9,59.0,22.0,40.3,19.3,7.0,0.73,72
2026-01-04 20:00:00,27.4,74.0,24.5,49.4,20.1,3.6,0.81,77
2026-01-04 21:00:00,25.8,75.0,113.3,233.5,21.5,6.4,0.89,182
2026-01-04 22:00:00,23.0,76.0,9.2,65.3,10.8,5.0,0.39,57
2026-01-04 23:00:00,19.1,81.0,14.7,57.4,12.8,7.8,0.56,60
2026-01-05 00:00:00,19.5,82.0,36.3,53.7,12.8,7.2,0.49,99
2026-01-05 01:00:00,19.9,77.0,57.2,166.0,10.9,8.0,0.61,151
2026-01-05 02:00:00,16.8,94.0,11.1,65.7,11.6,8.7,0.58,55
2026-01-05 03:00:00,15.6,86.0,37.3,62.0,11.9,7.8,0.46,105
2026-01-05 04:00:00,15.7,93.0,58.0,106.1,11.9,8.3,0.54,152
2026-01-05 05:00:00,19.3,76.0,13.5,80.2,11.8,9.0,0.43,66
2026-01-05 06:00:00,19.6,73.0,10.8,62.9,13.1,7.3,0.48,54
2026-01-05 07:00:00,20.3,91.0,12.1,60.3,10.1,7.6,0.48,497
2026-01-05 08:00:00,25.5,76.0,93.2,123.7,25.1,5.0,0.94,170
2026-01-05 09:00:00,23.8,79.0,29.8,43.4,27.8,6.1,1.0,86
2026-01-05 10:00:00,28.5,69.0,93.6,166.2,27.2,5.3,1.08,170
2026-01-05 11:00:00,31.3,65.0,53.9,70.5,13.3,4.7,0.56,146
2026-01-05 12:00:00,31.8,59.0,57.9,118.8,14.4,4.1,0.63,150
2026-01-05 13:00:00,32.6,66.0,47.5,112.5,12.1,3.7,0.6,133
2026-01-05 14:00:00,35.6,54.0,13.9,56.1,13.5,5.7,0.48,57
2026-01-05 15:00:00,34.6,60.0,75.4,107.4,14.5,6.4,0.63,160
2026-01-05 16:00:00,34.3,44.0,14.3,36.5,15.2,6.0,0.48,58
2026-01-05 17:00:00,31.3,55.0,32.8,55.5,31.0,4.7,1.04,94
2026-01-05 18:00:00,33.3,64.0,35.1,72.8,31.4,5.6,1.26,98
2026-01-05 19:00:00,30.0,63.0,32.4,71.3,30.5,5.1,1.17,90
2026-01-05 20:00:00,28.8,68.0,30.7,76.8,34.9,4.3,1.21,90
2026-01-05 21:00:00,24.4,78.0,9.0,54.7,9.3,5.6,0.55,499
2026-01-05 22:00:00,23.6,79.0,9.7,50.9,9.9,4.1,0.49,45
2026-01-05 23:00:00,21.9,,35.6,88.5,11.5,8.6,0.58,98
2026-01-06 00:00:00,20.7,82.0,39.0,64.3,11.5,6.3,0.35,108
2026-01-06 01:00:00,20.8,71.0,12.4,22.6,15.3,8.6,0.42,56
2026-01-06 02:00:00,19.2,79.0,35.2,60.2,12.0,9.0,0.33,104
2026-01-06 03:00:00,18.5,85.0,37.1,107.3,13.5,7.9,0.49,104
2026-01-06 04:00:00,16.6,83.0,11.6,28.5,10.0,5.7,0.51,51
2026-01-06 05:00:00,19.7,77.0,10.8,23.5,12.2,6.3,0.43,45
2026-01-06 06:00:00,17.4,86.0,60.3,88.6,11.8,8.1,0.49,155
2026-01-06 07:00:00,22.0,75.0,13.7,53.0,9.5,6.9,0.42,55
2026-01-06 08:00:00,22.9,81.0,94.9,159.7,23.4,5.7,0.94,170
2026-01-06 09:00:00,26.1,76.0,98.6,148.8,24.8,7.8,0.94,176
2026-01-06 10:00:00,30.0,62.0,95.1,160.6,23.9,4.1,0.94,169
2026-01-06 11:00:00,29.2,62.0,76.5,124.0,15.3,6.0,0.42,162
2026-01-06 12:00:00,33.0,54.0,77.9,157.6,18.5,5.3,0.53,161
2026-01-06 13:00:00,33.3,55.0,16.1,67.2,16.8,5.8,0.5,59
2026-01-06 14:00:00,35.0,58.0,46.5,103.8,15.1,5.7,0.63,125
2026-01-06 15:00:00,32.1,58.0,76.1,120.0,12.4,3.0,0.62,166
2026-01-06 16:00:00,33.2,64.0,75.8,156.2,15.5,4.8,0.68,163
2026-01-06 17:00:00,33.3,57.0,32.9,59.2,29.1,5.2,1.25,95
2026-01-06 18:00:00,31.1,67.0,111.5,174.0,30.1,4.8,1.08,181
2026-01-06 19:00:00,29.6,56.0,111.5,152.9,26.6,5.8,1.28,182
2026-01-06 20:00:00,27.2,76.0,32.4,49.5,28.2,5.5,1.11,94
2026-01-06 21:00:00,24.4,65.0,24.5,49.7,6.3,5.0,0.27,73
2026-01-06 22:00:00,24.2,77.0,22.4,40.2,8.7,6.1,0.3,73
2026-01-06 23:00:00,19.8,75.0,35.9,73.8,11.9,6.7,0.44,100
2026-01-07 00:00:00,19.6,89.0,11.6,66.9,7.4,8.7,0.39,53
2026-01-07 01:00:00,18.0,82.0,38.0,102.8,14.6,9.2,0.48,105
2026-01-07 02:00:00,18.5,78.0,35.6,62.0,12.2,6.8,0.58,99
2026-01-07 03:00:00,15.5,90.0,15.5,25.5,14.4,8.3,0.56,56
2026-01-07 04:00:00,15.7,93.0,13.4,67.3,10.1,7.0,0.48,59
2026-01-07 05:00:00,21.3,81.0,37.2,57.1,,5.6,0.64,102
2026-01-07 06:00:00,19.5,79.0,55.1,144.2,13.8,8.4,0.41,151
2026-01-07 07:00:00,21.3,82.0,37.5,63.4,12.8,6.9,0.44,107
2026-01-07 08:00:00,25.3,72.0,101.2,153.3,27.2,7.0,1.05,175
2026-01-07 09:00:00,26.9,66.0,29.4,41.9,24.6,4.3,0.95,88
2026-01-07 10:00:00,30.1,66.0,93.6,190.3,22.8,3.8,0.91,170
2026-01-07 11:00:00,28.3,63.0,45.1,126.0,11.8,3.4,0.46,127
2026-01-07 12:00:00,30.4,77.0,47.9,88.5,13.2,6.8,0.66,130
2026-01-07 13:00:00,33.7,59.0,19.1,30.1,16.0,6.2,0.59,68
2026-01-07 14:00:00,31.6,61.0,14.7,30.0,14.3,5.4,0.63,60
2026-01-07 15:00:00,31.9,60.0,16.5,75.2,18.4,6.7,0.54,58
2026-01-07 16:00:00,33.5,50.0,18.3,75.8,14.2,5.0,0.7,61
2026-01-07 17:00:00,32.4,62.0,32.7,65.5,27.8,5.7,1.08,94
2026-01-07 18:00:00,32.4,67.0,183.0,326.8,27.2,4.4,1.09,232
2026-01-07 19:00:00,31.9,59.0,33.3,100.3,24.2,6.1,1.22,94
2026-01-07 20:00:00,27.7,71.0,184.3,309.9,27.8,4.1,1.21,231
2026-01-07 21:00:00,29.2,66.0,10.0,17.5,7.5,4.4,0.38,43
2026-01-07 22:00:00,22.0,77.0,34.0,92.4,9.3,5.1,0.29,94
2026-01-07 23:00:00,21.5,75.0,18.4,64.3,12.0,6.9,0.47,66
2026-01-08 00:00:00,19.0,77.0,15.5,34.5,10.5,7.2,0.52,58
2026-01-08 01:00:00,18.6,81.0,55.8,98.1,12.6,6.8,0.45,153
2026-01-08 02:00:00,18.0,75.0,13.6,57.8,14.7,8.4,0.46,51
2026-01-08 03:00:00,17.8,88.0,14.2,78.0,11.3,7.2,0.4,62
2026-01-08 04:00:00,21.0,73.0,13.2,37.2,12.5,7.9,0.48,55
2026-01-08 05:00:00,20.8,72.0,12.4,33.7,13.2,7.9,0.5,51
2026-01-08 06:00:00,20.5,77.0,61.7,100.8,12.7,7.4,0.58,153
2026-01-08 07:00:00,18.2,80.0,15.1,66.4,11.5,7.2,0.45,55
2026-01-08 08:00:00,26.0,69.0,92.4,188.8,27.5,5.2,1.01,170
2026-01-08 09:00:00,24.4,79.0,26.9,52.0,26.2,4.7,1.07,79
2026-01-08 10:00:00,27.9,77.0,30.8,113.6,22.4,5.9,1.05,87
2026-01-08 11:00:00,30.9,65.0,49.0,76.5,16.8,5.1,0.41,135
2026-01-08 12:00:00,30.5,63.0,47.3,118.3,15.4,5.4,0.61,131
2026-01-08 13:00:00,31.8,65.0,15.4,63.6,14.2,4.9,0.58,57
2026-01-08 14:00:00,,50.0,18.3,35.1,12.9,5.6,0.66,65
2026-01-08 15:00:00,34.0,62.0,15.0,58.1,14.7,6.4,0.51,57
2026-01-08 16:00:00,34.8,60.0,77.8,120.1,20.0,6.7,0.56,164
2026-01-08 17:00:00,32.9,71.0,110.9,211.6,29.2,3.6,1.14,178
2026-01-08 18:00:00,34.6,57.0,188.1,310.9,30.2,5.1,1.15,237
2026-01-08 19:00:00,26.3,69.0,,75.3,29.2,3.7,1.14,88
2026-01-08 20:00:00,28.2,74.0,113.2,152.9,28.6,4.3,1.18,181
2026-01-08 21:00:00,22.4,76.0,24.9,97.8,7.6,3.7,0.22,74
2026-01-08 22:00:00,24.0,76.0,24.5,103.7,7.9,5.3,0.31,75
2026-01-08 23:00:00,22.2,72.0,10.3,19.7,11.7,7.7,0.46,41
2026-01-09 00:00:00,20.3,81.0,38.7,63.4,8.5,7.8,0.54,109
2026-01-09 01:00:00,19.7,80.0,11.7,19.3,11.7,5.7,0.44,49
2026-01-09 02:00:00,18.2,77.0,14.7,75.9,14.6,9.4,0.42,59
2026-01-09 03:00:00,16.0,84.0,39.5,117.7,11.7,8.4,0.54,107
2026-01-09 04:00:00,19.9,71.0,34.5,56.2,15.0,6.6,0.45,98
2026-01-09 05:00:00,18.5,75.0,15.7,33.2,13.9,9.2,0.38,57
2026-01-09 06:00:00,20.0,81.0,35.9,56.6,9.7,7.5,0.51,99
2026-01-09 07:00:00,21.1,69.0,56.4,104.7,13.4,7.3,0.57,151
2026-01-09 08:00:00,23.5,,29.5,50.8,20.9,6.8,1.02,87
2026-01-09 09:00:00,27.5,63.0,27.2,41.5,21.0,5.9,0.91,83
2026-01-09 10:00:00,30.9,59.0,29.0,75.9,26.8,4.8,0.9,86
2026-01-09 11:00:00,28.9,59.0,76.9,183.6,16.8,5.3,0.61,161
2026-01-09 12:00:00,31.8,60.0,15.8,88.3,12.3,5.5,0.67,64
2026-01-09 13:00:00,31.4,66.0,14.9,36.0,16.7,5.4,0.58,57
2026-01-09 14:00:00,34.2,61.0,50.3,118.7,14.2,5.1,0.66,142
2026-01-09 15:00:00,34.0,68.0,47.3,99.9,12.7,3.8,0.53,131
2026-01-09 16:00:00,34.9,60.0,17.0,33.4,16.0,5.9,0.68,62
2026-01-09 17:00:00,33.3,56.0,33.7,52.4,27.6,5.1,1.1,95
2026-01-09 18:00:00,28.5,68.0,36.8,85.8,29.0,5.0,1.1,102
2026-01-09 19:00:00,28.6,71.0,183.5,331.3,28.5,3.2,1.21,231
2026-01-09 20:00:00,27.9,69.0,32.0,104.0,29.7,7.4,1.06,91
2026-01-09 21:00:00,26.0,65.0,24.1,90.7,11.1,8.0,0.39,74
2026-01-09 22:00:00,23.6,65.0,9.9,19.6,7.1,4.6,0.36,42
2026-01-09 23:00:00,20.2,75.0,15.4,31.3,11.0,8.5,0.5,58
2026-01-10 00:00:00,21.4,77.0,14.4,33.7,17.4,8.1,0.47,56
2026-01-10 01:00:00,18.9,76.0,16.9,73.5,13.1,7.1,0.54,62
2026-01-10 02:00:00,15.9,74.0,12.6,24.2,10.6,8.8,0.51,51
2026-01-10 03:00:00,18.5,80.0,73.4,124.9,10.3,8.4,0.57,158
2026-01-10 04:00:00,16.7,90.0,46.1,86.6,11.9,6.7,0.42,123
2026-01-10 05:00:00,19.0,73.0,12.9,23.6,8.3,7.4,0.73,54
2026-01-10 06:00:00,20.1,78.0,73.0,130.8,13.8,7.7,0.66,159
2026-01-10 07:00:00,22.1,81.0,41.1,68.5,13.7,7.7,0.55,115
2026-01-10 08:00:00,23.4,82.0,9.6,20.2,9.4,6.9,0.38,38
2026-01-10 09:00:00,25.7,74.0,10.3,24.2,9.0,4.9,0.49,44
2026-01-10 10:00:00,26.2,71.0,92.7,163.6,20.2,5.8,0.66,169
2026-01-10 11:00:00,27.0,71.0,20.1,29.7,15.3,7.3,0.55,68
2026-01-10 12:00:00,34.5,58.0,20.7,44.2,15.8,4.6,0.67,68
2026-01-10 13:00:00,30.9,65.0,19.6,88.6,13.8,5.7,0.84,65
2026-01-10 14:00:00,33.8,55.0,95.6,226.6,15.8,5.2,0.73,171
2026-01-10 15:00:00,31.9,57.0,27.8,73.5,12.8,5.6,0.37,83
2026-01-10 16:00:00,31.7,65.0,11.2,20.5,11.2,5.2,0.35,45
2026-01-10 17:00:00,33.2,56.0,38.4,113.1,8.5,6.5,0.51,106
2026-01-10 18:00:00,28.7,71.0,70.1,121.9,,4.5,0.73,155
2026-01-10 19:00:00,29.9,66.0,21.4,95.0,23.4,3.6,0.91,71
2026-01-10 20:00:00,26.5,63.0,115.9,186.6,18.6,5.6,0.67,180
2026-01-10 21:00:00,24.3,71.0,22.6,43.5,14.2,5.4,0.81,73
2026-01-10 22:00:00,25.6,66.0,24.7,92.4,10.6,4.6,0.26,78
2026-01-10 23:00:00,18.0,79.0,13.1,23.0,14.8,6.5,0.59,53
2026-01-11 00:00:00,17.6,80.0,16.4,29.5,14.6,9.1,0.4,58
2026-01-11 01:00:00,19.3,90.0,15.3,70.2,14.7,6.1,0.62,57
2026-01-11 02:00:00,17.5,85.0,39.6,127.3,13.7,8.7,0.62,112
2026-01-11 03:00:00,17.7,88.0,69.5,125.3,12.3,6.5,0.57,159
2026-01-11 04:00:00,18.8,90.0,64.7,113.9,13.3,6.9,0.65,155
2026-01-11 05:00:00,19.6,84.0,66.0,132.1,13.4,6.9,0.59,156
2026-01-11 06:00:00,20.9,76.0,40.8,106.7,12.8,6.5,0.46,114
2026-01-11 07:00:00,23.1,72.0,43.9,105.1,12.7,7.7,0.39,122
2026-01-11 08:00:00,22.2,69.0,28.9,47.2,8.1,4.5,0.47,89
2026-01-11 09:00:00,24.9,70.0,10.0,77.0,12.0,6.6,0.36,59
2026-01-11 10:00:00,27.3,70.0,18.1,87.1,13.7,3.9,0.69,70
2026-01-11 11:00:00,29.0,63.0,23.3,42.7,16.8,3.8,0.61,71
2026-01-11 12:00:00,31.8,62.0,58.3,95.1,17.4,6.7,0.78,154
2026-01-11 13:00:00,34.3,50.0,20.9,68.2,18.1,5.5,0.71,66
2026-01-11 14:00:00,35.2,63.0,,35.7,16.5,5.1,0.72,64
2026-01-11 15:00:00,34.5,53.0,25.8,96.1,8.9,3.6,0.53,82
2026-01-11 16:00:00,31.7,65.0,26.8,38.4,10.9,4.5,0.32,85
2026-01-11 17:00:00,32.4,69.0,12.4,83.1,10.8,5.7,0.4,66
2026-01-11 18:00:00,32.3,55.0,69.6,102.5,,5.4,0.84,154
2026-01-11 19:00:00,30.3,68.0,68.8,148.4,16.7,5.9,0.73,161
2026-01-11 20:00:00,31.0,59.0,111.7,156.7,15.9,4.5,0.78,181
2026-01-11 21:00:00,25.9,72.0,21.1,65.2,18.8,4.9,0.84,70
2026-01-11 22:00:00,24.7,77.0,8.8,21.0,7.6,3.1,0.43,38
2026-01-11 23:00:00,21.2,74.0,69.7,159.3,13.6,5.4,0.52,156
2026-01-12 00:00:00,20.5,94.0,13.7,74.9,13.7,7.2,0.61,58
2026-01-12 01:00:00,19.5,75.0,37.1,54.4,14.0,8.5,0.38,500
2026-01-12 02:00:00,17.1,78.0,13.1,50.6,8.9,7.5,0.43,51
2026-01-12 03:00:00,16.9,85.0,36.9,65.3,15.7,8.0,0.41,105
2026-01-12 04:00:00,14.2,88.0,58.1,95.5,16.4,7.3,0.42,152
2026-01-12 05:00:00,17.8,80.0,55.2,89.7,11.4,7.5,0.69,146
2026-01-12 06:00:00,22.5,81.0,15.8,76.9,12.3,5.5,0.47,61
2026-01-12 07:00:00,24.1,75.0,56.5,83.1,14.5,7.1,0.48,152
2026-01-12 08:00:00,25.1,61.0,154.8,224.4,23.9,4.9,1.11,202
2026-01-12 09:00:00,24.9,66.0,26.5,49.7,26.8,6.5,1.05,78
2026-01-12 10:00:00,27.7,68.0,155.0,260.8,28.0,6.6,1.03,206
2026-01-12 11:00:00,30.9,57.0,47.8,112.5,13.7,4.7,0.61,131
2026-01-12 12:00:00,31.9,63.0,49.3,108.9,15.2,5.1,0.49,133
2026-01-12 13:00:00,34.3,55.0,14.5,28.1,14.6,6.1,0.51,59
2026-01-12 14:00:00,34.5,63.0,49.7,95.7,12.4,3.8,0.67,134
2026-01-12 15:00:00,33.1,55.0,49.1,86.6,15.7,5.8,0.53,136
2026-01-12 16:00:00,34.1,56.0,15.2,26.6,14.5,4.9,0.62,56
2026-01-12 17:00:00,33.0,54.0,187.1,317.1,29.7,5.5,1.2,233
2026-01-12 18:00:00,32.8,63.0,184.3,228.6,28.0,6.4,1.11,231
2026-01-12 19:00:00,30.9,57.0,34.7,99.8,29.8,6.3,1.32,101
2026-01-12 20:00:00,28.4,72.0,117.1,167.5,28.0,5.9,1.17,182
2026-01-12 21:00:00,26.8,62.0,34.7,120.0,10.3,6.1,0.31,99
2026-01-12 22:00:00,26.9,67.0,23.6,41.3,8.7,6.3,0.45,72
2026-01-12 23:00:00,23.3,77.0,34.5,62.1,16.0,7.1,0.45,98
2026-01-13 00:00:00,22.7,80.0,55.5,83.0,18.1,5.9,0.52,151
2026-01-13 01:00:00,20.2,71.0,15.4,25.1,12.4,6.8,0.39,59
2026-01-13 02:00:00,19.2,77.0,13.4,35.6,12.1,7.4,0.44,54
2026-01-13 03:00:00,18.5,78.0,12.6,25.9,11.0,7.3,0.46,51
2026-01-13 04:00:00,18.2,85.0,11.9,24.8,14.1,7.2,0.43,52
2026-01-13 05:00:00,17.4,82.0,13.5,71.3,11.9,6.8,0.53,55
2026-01-13 06:00:00,19.8,81.0,34.3,81.0,12.0,6.8,0.48,94
2026-01-13 07:00:00,21.4,71.0,33.3,83.9,13.0,8.0,0.51,92
2026-01-13 08:00:00,23.5,78.0,32.9,62.3,24.9,4.8,1.08,94
2026-01-13 09:00:00,27.6,65.0,92.0,126.2,28.8,6.8,1.18,169
2026-01-13 10:00:00,28.5,59.0,27.1,66.0,25.8,4.3,0.94,83
2026-01-13 11:00:00,29.4,67.0,76.2,128.3,17.0,4.7,0.53,161
2026-01-13 12:00:00,33.5,60.0,48.7,71.9,12.6,4.8,0.63,134
2026-01-13 13:00:00,33.5,66.0,17.4,37.1,14.5,4.3,0.51,60
2026-01-13 14:00:00,34.2,57.0,20.0,35.4,14.2,7.1,0.47,70
2026-01-13 15:00:00,33.5,56.0,46.1,114.0,15.6,9.1,0.42,130
2026-01-13 16:00:00,33.4,61.0,13.9,25.9,14.0,5.4,0.51,53
2026-01-13 17:00:00,32.2,67.0,32.5,85.4,27.5,6.0,1.21,97
2026-01-13 18:00:00,31.5,66.0,37.1,59.6,29.3,5.7,1.18,106
2026-01-13 19:00:00,27.9,62.0,187.1,385.3,27.2,6.2,1.23,247
2026-01-13 20:00:00,27.2,68.0,32.0,107.6,26.5,4.7,1.07,90
2026-01-13 21:00:00,26.5,69.0,23.4,42.4,11.4,6.0,0.4,78
2026-01-13 22:00:00,22.6,84.0,8.8,51.3,10.2,4.7,0.32,45
2026-01-13 23:00:00,19.3,82.0,17.3,37.2,9.3,9.6,0.55,62
2026-01-14 00:00:00,22.3,72.0,41.1,116.1,13.6,8.1,0.52,115
2026-01-14 01:00:00,17.8,78.0,56.8,77.4,15.0,8.2,0.49,151
2026-01-14 02:00:00,16.9,85.0,10.6,78.6,13.2,7.5,0.52,62
2026-01-14 03:00:00,17.9,83.0,12.4,26.6,13.0,6.1,0.57,51
2026-01-14 04:00:00,18.2,89.0,15.5,30.1,11.0,7.5,0.41,60
2026-01-14 05:00:00,19.1,78.0,55.2,129.1,8.3,7.2,0.5,149
2026-01-14 06:00:00,19.7,80.0,11.2,56.6,11.4,9.3,0.52,51
2026-01-14 07:00:00,21.0,79.0,55.6,106.3,13.4,5.6,0.57,150
2026-01-14 08:00:00,24.7,78.0,27.7,50.3,24.4,6.4,1.1,83
2026-01-14 09:00:00,25.1,70.0,153.9,226.3,22.0,5.5,1.14,204
2026-01-14 10:00:00,28.5,70.0,98.1,171.7,23.9,6.8,0.96,172
2026-01-14 11:00:00,,65.0,79.4,125.3,14.2,5.5,0.58,165
2026-01-14 12:00:00,28.9,67.0,47.3,65.2,14.4,6.7,0.53,132
2026-01-14 13:00:00,31.3,69.0,15.2,84.2,17.9,6.3,0.53,65
2026-01-14 14:00:00,31.9,65.0,13.3,23.1,17.1,6.7,0.55,52
2026-01-14 15:00:00,33.8,,16.7,30.9,15.6,4.8,0.57,62
2026-01-14 16:00:00,31.0,70.0,15.7,68.8,14.7,5.3,0.54,59
2026-01-14 17:00:00,33.0,51.0,113.1,205.4,30.7,3.1,1.15,179
2026-01-14 18:00:00,32.5,63.0,34.6,103.4,27.9,3.2,1.11,99
2026-01-14 19:00:00,29.0,66.0,32.2,56.0,26.5,5.3,1.27,93
2026-01-14 20:00:00,27.3,71.0,32.0,62.9,26.3,6.8,1.09,94
2026-01-14 21:00:00,24.4,76.0,33.9,54.2,6.1,4.7,0.44,500
2026-01-14 22:00:00,25.6,74.0,10.2,26.7,7.6,4.8,0.34,44
2026-01-14 23:00:00,23.8,79.0,13.3,33.7,8.9,5.7,0.54,50
2026-01-15 00:00:00,20.0,82.0,59.0,113.2,13.1,8.3,0.42,154
2026-01-15 01:00:00,18.6,79.0,37.9,91.2,13.5,9.4,0.35,105
2026-01-15 02:00:00,17.3,87.0,37.2,93.3,9.4,8.7,0.51,104
2026-01-15 03:00:00,15.0,86.0,13.9,19.7,9.9,9.5,0.38,55
2026-01-15 04:00:00,20.0,73.0,61.1,89.3,15.9,7.8,0.42,155
2026-01-15 05:00:00,18.9,76.0,35.5,62.6,13.2,7.9,0.53,103
2026-01-15 06:00:00,21.1,79.0,14.2,57.0,9.7,8.8,0.38,51
2026-01-15 07:00:00,23.3,71.0,13.4,64.6,10.2,9.0,0.57,56
2026-01-15 08:00:00,24.2,76.0,94.7,158.8,23.3,3.8,0.95,170
2026-01-15 09:00:00,25.3,71.0,95.0,225.4,27.6,5.5,0.9,168
2026-01-15 10:00:00,30.8,59.0,93.3,153.9,24.2,6.9,1.06,172
2026-01-15 11:00:00,31.4,62.0,50.1,99.6,18.8,4.2,0.56,137
2026-01-15 12:00:00,31.8,57.0,46.4,61.9,14.8,6.4,0.77,129
2026-01-15 13:00:00,31.2,73.0,16.0,34.1,17.8,5.8,0.7,56
2026-01-15 14:00:00,31.9,61.0,45.2,112.9,16.2,4.8,0.57,126
2026-01-15 15:00:00,35.7,62.0,14.3,65.6,16.0,5.1,0.54,55
2026-01-15 16:00:00,,58.0,15.7,34.0,13.6,3.1,0.53,57
2026-01-15 17:00:00,32.8,59.0,35.4,88.7,27.9,5.4,1.19,100
2026-01-15 18:00:00,31.8,56.0,110.2,150.4,32.0,4.1,1.13,177
2026-01-15 19:00:00,31.2,63.0,111.4,226.7,31.2,4.6,1.09,180
2026-01-15 20:00:00,29.6,66.0,32.1,52.3,28.1,4.4,1.17,95
2026-01-15 21:00:00,26.7,69.0,21.2,86.1,9.4,5.1,0.39,64
2026-01-15 22:00:00,25.2,72.0,25.8,93.1,8.8,4.6,0.43,79
2026-01-15 23:00:00,20.6,72.0,16.7,61.4,9.4,7.1,0.43,60
2026-01-16 00:00:00,21.2,80.0,38.6,80.2,10.9,8.8,0.53,105
2026-01-16 01:00:00,21.9,77.0,37.1,65.6,9.4,7.9,0.49,103
2026-01-16 02:00:00,18.7,89.0,11.9,27.7,12.5,7.1,0.44,48
2026-01-16 03:00:00,18.1,84.0,10.0,27.9,12.0,6.4,0.62,45
2026-01-16 04:00:00,18.8,86.0,62.9,114.2,13.2,7.1,0.55,151
2026-01-16 05:00:00,19.5,82.0,13.1,30.9,14.3,9.0,0.46,47
2026-01-16 06:00:00,20.1,79.0,13.1,60.4,13.0,6.2,0.43,55
2026-01-16 07:00:00,23.8,67.0,65.4,93.2,14.4,7.0,0.48,156
2026-01-16 08:00:00,23.5,67.0,27.5,82.4,27.2,6.4,1.02,83
2026-01-16 09:00:00,26.7,70.0,27.9,54.2,26.0,2.7,0.92,500
2026-01-16 10:00:00,27.5,62.0,91.6,152.7,24.0,4.0,1.02,175
2026-01-16 11:00:00,28.3,60.0,48.3,70.9,15.3,6.7,0.65,130
2026-01-16 12:00:00,34.0,60.0,47.2,69.2,19.5,7.0,0.47,126
2026-01-16 13:00:00,33.4,59.0,15.6,61.7,15.9,5.3,0.57,55
2026-01-16 14:00:00,34.4,54.0,48.9,121.1,9.6,6.1,0.6,136
2026-01-16 15:00:00,34.9,65.0,75.8,129.6,12.9,4.6,0.52,158
2026-01-16 16:00:00,37.2,60.0,14.9,23.4,15.0,3.7,0.59,55
2026-01-16 17:00:00,30.9,70.0,115.2,199.7,33.6,3.7,1.26,184
2026-01-16 18:00:00,30.5,69.0,184.0,243.1,29.9,5.2,1.25,231
2026-01-16 19:00:00,31.5,66.0,34.9,57.8,29.1,5.3,1.15,99
2026-01-16 20:00:00,29.4,69.0,112.3,185.0,29.8,5.7,1.29,180
2026-01-16 21:00:00,24.1,70.0,20.2,70.6,5.9,4.6,0.41,66
2026-01-16 22:00:00,23.9,77.0,20.5,33.9,6.7,4.9,0.32,70
2026-01-16 23:00:00,21.4,76.0,58.5,150.1,12.9,6.8,0.49,153
2026-01-17 00:00:00,20.7,68.0,40.7,77.7,13.5,7.5,0.56,116
2026-01-17 01:00:00,20.6,83.0,13.9,63.1,11.1,8.4,0.53,55
2026-01-17 02:00:00,18.7,81.0,14.0,29.7,15.5,6.3,0.55,55
2026-01-17 03:00:00,21.1,74.0,74.2,171.4,15.8,8.7,0.61,160
2026-01-17 04:00:00,17.8,84.0,14.7,54.7,13.8,8.6,0.48,497
2026-01-17 05:00:00,19.0,81.0,67.0,105.3,14.0,5.5,0.62,156
2026-01-17 06:00:00,25.6,83.0,15.0,53.8,12.3,9.0,0.51,58
2026-01-17 07:00:00,21.6,72.0,19.4,39.9,9.4,7.7,0.6,65
2026-01-17 08:00:00,23.6,73.0,8.3,16.5,9.0,5.7,0.45,35
2026-01-17 09:00:00,25.9,70.0,11.8,30.4,12.7,3.7,0.35,49
2026-01-17 10:00:00,30.3,62.0,24.0,54.9,15.8,5.0,0.8,499
2026-01-17 11:00:00,30.8,65.0,92.3,169.4,15.0,6.5,0.73,168
2026-01-17 12:00:00,33.5,57.0,17.3,28.9,15.4,5.4,0.57,60
2026-01-17 13:00:00,30.8,68.0,94.0,144.7,16.7,4.9,0.6,168
2026-01-17 14:00:00,34.8,55.0,17.5,34.2,17.6,5.7,0.64,60
2026-01-17 15:00:00,34.5,57.0,40.9,63.9,9.5,5.4,0.31,111
2026-01-17 16:00:00,32.0,53.0,27.0,43.3,8.1,6.6,0.39,83
2026-01-17 17:00:00,35.3,57.0,8.5,23.0,9.0,5.1,0.36,33
2026-01-17 18:00:00,31.5,64.0,115.6,192.1,18.3,4.8,0.75,182
2026-01-17 19:00:00,31.7,56.0,67.7,97.4,,5.6,0.7,156
2026-01-17 20:00:00,27.6,65.0,24.5,74.3,22.7,4.7,0.82,79
2026-01-17 21:00:00,26.2,69.0,71.0,117.1,18.7,5.0,0.66,160
2026-01-17 22:00:00,23.3,74.0,9.4,69.3,9.3,4.1,0.39,58
2026-01-17 23:00:00,22.1,80.0,41.0,118.5,10.6,7.8,0.45,112
2026-01-18 00:00:00,19.7,86.0,68.7,139.8,16.4,7.4,0.4,159
2026-01-18 01:00:00,18.2,81.0,16.2,86.7,9.0,7.4,0.55,68
2026-01-18 02:00:00,19.7,83.0,17.2,39.2,13.0,7.8,0.58,63
2026-01-18 03:00:00,19.4,79.0,17.0,38.5,16.6,7.3,0.64,58
2026-01-18 04:00:00,19.6,76.0,41.2,105.3,11.5,6.7,0.33,115
2026-01-18 05:00:00,20.9,73.0,16.4,26.5,15.3,8.1,0.44,60
2026-01-18 06:00:00,21.8,84.0,39.9,85.5,15.1,8.6,0.49,108
2026-01-18 07:00:00,24.7,78.0,14.4,72.3,14.5,8.0,0.51,57
2026-01-18 08:00:00,25.1,68.0,24.4,36.8,10.8,5.8,0.24,77
2026-01-18 09:00:00,27.8,71.0,25.9,99.2,8.6,5.6,0.42,76
2026-01-18 10:00:00,31.5,69.0,22.4,100.4,14.0,5.3,0.69,70
2026-01-18 11:00:00,31.0,69.0,62.2,107.6,17.5,3.1,0.72,152
2026-01-18 12:00:00,35.0,53.0,19.8,44.7,13.6,5.2,0.75,69
2026-01-18 13:00:00,32.1,61.0,18.0,80.7,20.3,5.6,0.61,63
2026-01-18 14:00:00,34.2,61.0,58.3,84.5,13.8,4.5,0.63,155
2026-01-18 15:00:00,34.5,58.0,9.2,14.1,9.6,4.6,0.35,39
2026-01-18 16:00:00,33.4,59.0,14.6,29.9,13.5,4.9,0.33,56
2026-01-18 17:00:00,32.9,62.0,28.3,53.3,7.5,2.4,0.33,86
2026-01-18 18:00:00,32.9,59.0,23.6,69.3,19.3,4.4,0.68,75
2026-01-18 19:00:00,32.2,56.0,21.8,94.2,17.9,5.4,0.81,71
2026-01-18 20:00:00,27.0,70.0,68.5,164.0,22.3,5.5,0.84,157
2026-01-18 21:00:00,25.3,75.0,24.3,46.4,16.3,5.1,0.74,77
2026-01-18 22:00:00,23.9,64.0,9.8,59.7,9.1,4.8,0.4,52
2026-01-18 23:00:00,21.7,77.0,14.7,40.0,15.7,7.2,0.45,58
2026-01-19 00:00:00,20.7,80.0,15.1,79.8,13.5,8.2,0.54,62
2026-01-19 01:00:00,18.6,77.0,,125.9,11.9,7.8,0.46,152
2026-01-19 02:00:00,18.5,83.0,55.9,124.8,9.8,6.5,0.65,149
2026-01-19 03:00:00,19.6,79.0,12.3,23.3,10.8,7.5,0.56,52
2026-01-19 04:00:00,19.2,75.0,40.3,72.1,10.6,7.3,0.49,113
2026-01-19 05:00:00,19.5,81.0,54.0,125.0,12.8,7.9,0.36,141
2026-01-19 06:00:00,21.4,77.0,34.8,65.1,11.9,7.4,0.51,99
2026-01-19 07:00:00,24.4,64.0,13.1,71.3,11.4,7.4,0.56,57
2026-01-19 08:00:00,22.1,76.0,29.4,62.6,24.7,3.9,1.0,86
2026-01-19 09:00:00,28.0,63.0,30.6,40.1,,5.6,1.19,88
2026-01-19 10:00:00,28.0,67.0,94.2,154.3,26.9,6.1,0.98,499
2026-01-19 11:00:00,31.6,65.0,76.8,126.8,15.1,4.1,0.51,160
2026-01-19 12:00:00,32.4,58.0,15.6,34.9,12.3,4.6,0.56,57
2026-01-19 13:00:00,34.1,63.0,16.3,77.8,14.7,5.8,0.73,61
2026-01-19 14:00:00,34.8,48.0,46.0,143.2,13.9,7.7,0.58,127
2026-01-19 15:00:00,32.3,62.0,81.7,149.5,13.4,5.7,0.46,162
2026-01-19 16:00:00,36.4,53.0,16.7,38.0,17.3,4.4,0.53,57
2026-01-19 17:00:00,33.5,45.0,185.7,349.4,29.4,4.1,1.18,238
2026-01-19 18:00:00,31.0,70.0,30.6,95.3,27.2,4.4,1.06,86
2026-01-19 19:00:00,29.7,75.0,33.8,84.5,28.7,4.7,1.05,94
2026-01-19 20:00:00,25.6,71.0,31.4,87.1,24.8,6.0,1.07,93
2026-01-19 21:00:00,28.9,67.0,8.3,45.8,10.0,4.8,0.24,41
2026-01-19 22:00:00,26.3,62.0,21.8,36.5,7.6,6.8,0.3,69
2026-01-19 23:00:00,20.7,80.0,56.9,124.6,11.6,7.1,0.48,148
2026-01-20 00:00:00,21.7,79.0,60.3,83.8,9.9,5.9,0.41,155
2026-01-20 01:00:00,20.8,83.0,11.9,31.8,13.4,6.4,0.54,50
2026-01-20 02:00:00,19.6,77.0,35.6,64.8,8.5,7.8,0.56,101
2026-01-20 03:00:00,22.0,67.0,12.7,31.3,11.5,5.9,0.51,53
2026-01-20 04:00:00,19.2,79.0,56.3,131.4,12.6,9.5,0.56,154
2026-01-20 05:00:00,15.9,86.0,12.3,29.0,9.8,7.7,0.56,52
2026-01-20 06:00:00,17.4,94.0,14.8,73.9,12.7,7.2,0.43,61
2026-01-20 07:00:00,22.4,,36.7,64.8,13.7,6.2,0.41,102
2026-01-20 08:00:00,26.2,75.0,157.6,255.6,27.6,4.7,0.99,210
2026-01-20 09:00:00,25.9,69.0,33.4,61.3,25.4,5.8,1.02,92
2026-01-20 10:00:00,28.2,56.0,31.0,83.4,27.5,4.4,0.97,90
2026-01-20 11:00:00,30.8,68.0,77.0,125.9,15.1,4.6,0.54,163
2026-01-20 12:00:00,34.0,57.0,77.1,103.6,11.4,5.0,0.68,163
2026-01-20 13:00:00,30.5,65.0,47.1,68.2,16.9,5.5,0.69,130
2026-01-20 14:00:00,32.6,54.0,49.2,112.1,17.4,4.1,0.63,133
2026-01-20 15:00:00,34.1,60.0,75.2,181.7,15.2,6.5,0.69,162
2026-01-20 16:00:00,35.6,59.0,17.3,36.0,15.5,5.4,0.58,62
2026-01-20 17:00:00,32.9,63.0,32.0,55.4,29.8,4.6,1.23,93
2026-01-20 18:00:00,32.9,,34.2,88.5,27.2,4.7,1.01,98
2026-01-20 19:00:00,30.6,58.0,31.8,57.9,28.6,5.6,1.22,92
2026-01-20 20:00:00,29.7,65.0,111.1,148.5,27.8,6.6,1.13,177
2026-01-20 21:00:00,27.5,75.0,20.7,71.5,6.2,6.0,0.36,67
2026-01-20 22:00:00,24.8,77.0,36.9,130.8,11.4,4.1,0.42,104
2026-01-20 23:00:00,22.9,76.0,13.0,53.7,8.4,7.0,0.51,54
2026-01-21 00:00:00,20.9,78.0,13.3,59.6,13.4,9.0,0.37,54
2026-01-21 01:00:00,19.3,84.0,11.2,46.3,13.6,7.0,0.55,43
2026-01-21 02:00:00,21.1,78.0,12.1,20.7,10.3,7.2,0.57,499
2026-01-21 03:00:00,17.7,83.0,13.1,29.3,,8.4,0.5,51
2026-01-21 04:00:00,18.9,85.0,61.6,122.9,11.1,9.0,0.37,153
2026-01-21 05:00:00,18.8,82.0,12.9,68.4,12.8,8.9,0.46,59
2026-01-21 06:00:00,23.5,81.0,11.7,59.2,10.7,6.3,0.48,52
2026-01-21 07:00:00,24.2,70.0,13.7,23.7,14.3,4.8,0.48,53
2026-01-21 08:00:00,23.9,82.0,95.9,158.8,23.9,5.8,0.89,171
2026-01-21 09:00:00,28.5,70.0,93.8,152.4,26.0,4.0,0.84,165
2026-01-21 10:00:00,30.0,65.0,159.0,269.3,24.2,5.0,0.89,209
2026-01-21 11:00:00,30.4,66.0,47.4,107.1,14.0,4.3,0.6,128
2026-01-21 12:00:00,34.6,56.0,15.5,84.7,12.3,5.8,0.37,63
2026-01-21 13:00:00,35.1,52.0,76.9,128.1,16.2,4.2,0.64,164
2026-01-21 14:00:00,35.7,57.0,14.3,86.0,13.0,6.1,0.67,64
2026-01-21 15:00:00,33.6,56.0,13.9,26.4,14.4,5.4,0.66,56
2026-01-21 16:00:00,34.2,57.0,46.9,99.0,14.8,6.5,0.53,128
2026-01-21 17:00:00,35.5,56.0,113.7,210.7,27.8,5.8,1.19,181
2026-01-21 18:00:00,32.5,61.0,33.5,83.9,26.6,5.2,1.14,96
2026-01-21 19:00:00,31.5,52.0,39.2,66.9,32.2,5.2,1.06,109
2026-01-21 20:00:00,,71.0,182.9,339.3,29.7,5.4,1.11,234
2026-01-21 21:00:00,25.8,55.0,22.7,39.8,7.3,5.3,0.45,72
2026-01-21 22:00:00,24.3,71.0,35.2,59.8,7.7,6.4,0.31,101
2026-01-21 23:00:00,20.8,82.0,55.5,100.5,10.0,7.8,0.39,150
2026-01-22 00:00:00,22.6,80.0,16.1,84.8,12.1,7.7,0.53,68
2026-01-22 01:00:00,19.3,64.0,11.6,72.0,8.6,6.6,0.7,58
2026-01-22 02:00:00,20.1,76.0,11.7,28.3,11.4,6.7,0.44,45
2026-01-22 03:00:00,18.2,82.0,,65.2,13.0,7.5,0.37,100
2026-01-22 04:00:00,18.6,74.0,37.3,56.7,10.1,6.9,0.57,103
2026-01-22 05:00:00,20.3,77.0,57.8,104.5,13.3,7.3,0.47,151
2026-01-22 06:00:00,19.8,80.0,14.3,34.0,11.6,8.6,0.58,55
2026-01-22 07:00:00,23.0,75.0,16.5,28.1,14.7,6.9,0.42,60
2026-01-22 08:00:00,25.7,70.0,94.2,129.5,27.8,5.5,1.03,171
2026-01-22 09:00:00,24.9,84.0,154.1,265.8,26.7,6.1,1.01,204
2026-01-22 10:00:00,28.1,63.0,26.6,51.7,23.6,4.7,1.01,81
2026-01-22 11:00:00,32.7,73.0,18.6,32.4,11.9,5.6,0.53,66
2026-01-22 12:00:00,33.9,66.0,48.0,70.2,15.4,4.8,0.62,132
2026-01-22 13:00:00,33.1,64.0,47.4,87.9,13.0,4.0,0.54,129
2026-01-22 14:00:00,32.9,60.0,18.8,72.7,13.3,3.8,0.47,65
2026-01-22 15:00:00,34.1,54.0,17.2,31.6,13.6,6.5,0.65,62
2026-01-22 16:00:00,32.6,62.0,16.8,65.1,16.6,5.3,0.51,62
2026-01-22 17:00:00,35.0,51.0,113.2,183.2,26.4,5.1,1.25,176
2026-01-22 18:00:00,34.8,63.0,183.9,290.6,28.4,5.6,1.16,233
2026-01-22 19:00:00,29.9,58.0,187.5,290.3,32.5,6.2,1.1,235
2026-01-22 20:00:00,28.3,69.0,188.3,290.4,29.7,6.3,1.18,238
2026-01-22 21:00:00,26.7,64.0,9.0,74.5,7.7,5.0,0.28,63
2026-01-22 22:00:00,24.3,80.0,8.4,24.2,11.6,5.6,0.18,33
2026-01-22 23:00:00,24.5,83.0,13.4,32.0,13.1,9.2,0.46,54
2026-01-23 00:00:00,21.5,89.0,34.9,68.3,11.6,6.7,0.29,99
2026-01-23 01:00:00,22.6,67.0,36.1,53.3,8.4,7.3,0.54,99
2026-01-23 02:00:00,20.7,81.0,12.6,84.3,11.3,7.0,0.48,66
2026-01-23 03:00:00,19.0,81.0,13.9,83.5,11.9,6.9,0.47,61
2026-01-23 04:00:00,22.5,70.0,12.9,71.4,9.5,8.1,0.46,59
2026-01-23 05:00:00,21.3,75.0,12.9,33.0,15.2,8.0,0.52,49
2026-01-23 06:00:00,20.9,74.0,36.0,62.2,8.4,8.0,0.55,101
2026-01-23 07:00:00,23.3,73.0,,39.2,11.7,7.2,0.46,58
2026-01-23 08:00:00,,66.0,28.7,65.2,25.5,4.5,1.0,85
2026-01-23 09:00:00,24.4,69.0,96.4,211.8,25.1,6.2,1.03,174
2026-01-23 10:00:00,27.4,69.0,26.2,45.4,25.4,5.3,0.97,81
2026-01-23 11:00:00,30.9,59.0,47.6,137.4,,4.5,0.47,134
2026-01-23 12:00:00,32.4,59.0,16.6,36.2,14.9,5.3,0.53,61
2026-01-23 13:00:00,35.6,,78.9,179.4,12.5,5.2,0.5,163
2026-01-23 14:00:00,33.9,71.0,49.0,82.1,14.6,5.9,0.71,132
2026-01-23 15:00:00,32.4,59.0,14.6,31.5,14.1,5.2,0.6,56
2026-01-23 16:00:00,35.3,61.0,17.0,73.7,15.5,5.8,0.55,60
2026-01-23 17:00:00,33.0,63.0,32.3,61.6,31.1,4.8,1.23,93
2026-01-23 18:00:00,32.4,60.0,112.3,180.4,31.0,5.2,1.02,180
2026-01-23 19:00:00,29.6,59.0,33.3,60.1,28.8,5.2,1.22,97
2026-01-23 20:00:00,28.2,66.0,111.0,174.3,27.9,6.6,1.08,175
2026-01-23 21:00:00,28.5,75.0,6.8,15.6,9.4,4.8,0.34,28
2026-01-23 22:00:00,26.4,60.0,35.0,63.3,7.8,5.0,0.48,97
2026-01-23 23:00:00,20.6,81.0,14.1,23.8,12.3,8.4,0.67,56
2026-01-24 00:00:00,23.0,72.0,43.8,84.5,13.5,6.8,0.6,119
2026-01-24 01:00:00,21.0,78.0,39.6,61.7,19.3,6.5,0.5,111
2026-01-24 02:00:00,20.1,84.0,41.1,71.0,16.7,9.8,0.57,116
2026-01-24 03:00:00,18.5,78.0,14.9,69.4,15.3,7.6,0.49,54
2026-01-24 04:00:00,20.4,81.0,13.9,24.8,15.0,6.1,0.5,53
2026-01-24 05:00:00,19.4,83.0,12.3,30.3,13.9,8.0,0.63,49
2026-01-24 06:00:00,22.9,72.0,15.3,31.2,15.3,9.7,0.57,59
2026-01-24 07:00:00,22.4,81.0,13.0,28.9,11.8,7.7,0.48,54
2026-01-24 08:00:00,26.4,73.0,27.8,57.1,12.2,5.8,0.25,82
2026-01-24 09:00:00,29.0,64.0,38.1,118.1,11.2,5.5,0.38,106
2026-01-24 10:00:00,30.3,67.0,93.2,136.8,16.7,6.2,0.62,173
2026-01-24 11:00:00,28.8,65.0,17.8,92.9,14.0,5.0,0.66,71
2026-01-24 12:00:00,33.0,54.0,94.8,194.5,15.1,3.6,0.62,167
2026-01-24 13:00:00,34.7,64.0,58.2,146.4,15.5,4.7,0.64,150
2026-01-24 14:00:00,34.2,62.0,19.5,34.3,18.8,6.2,0.61,67
2026-01-24 15:00:00,34.9,56.0,9.4,26.7,11.0,5.6,0.41,41
2026-01-24 16:00:00,33.9,63.0,9.7,25.7,5.9,4.6,0.37,38
2026-01-24 17:00:00,34.0,57.0,9.7,28.2,8.8,6.8,0.29,37
2026-01-24 18:00:00,31.0,63.0,21.5,52.3,23.1,4.7,0.82,72
2026-01-24 19:00:00,29.4,69.0,21.5,51.4,22.1,3.7,0.67,66
2026-01-24 20:00:00,28.0,68.0,24.2,50.6,16.4,4.6,0.79,76
2026-01-24 21:00:00,25.8,67.0,19.7,65.8,17.7,5.2,0.65,69
2026-01-24 22:00:00,24.6,78.0,11.4,27.1,8.5,4.6,0.31,49
2026-01-24 23:00:00,22.9,70.0,41.6,85.0,13.0,8.3,0.61,115
2026-01-25 00:00:00,20.2,70.0,12.7,20.2,15.0,8.0,0.56,46
2026-01-25 01:00:00,19.3,77.0,13.1,33.7,10.7,9.4,0.56,50
2026-01-25 02:00:00,18.6,82.0,17.7,59.9,15.4,7.4,0.47,59
2026-01-25 03:00:00,18.6,82.0,18.5,81.1,12.7,7.7,0.66,65
2026-01-25 04:00:00,18.7,79.0,64.6,111.4,10.8,8.2,0.37,158
2026-01-25 05:00:00,21.6,77.0,15.8,87.1,12.0,7.2,0.5,69
2026-01-25 06:00:00,20.8,89.0,13.6,32.2,13.7,9.2,0.5,55
2026-01-25 07:00:00,24.0,77.0,67.6,145.3,11.3,5.1,0.52,156
2026-01-25 08:00:00,25.2,75.0,25.7,65.4,11.1,5.6,0.36,77
2026-01-25 09:00:00,28.9,69.0,7.6,17.6,11.3,4.6,0.32,30
2026-01-25 10:00:00,30.8,63.0,18.5,72.1,15.7,5.7,0.78,62
2026-01-25 11:00:00,31.0,63.0,19.1,63.5,20.4,6.9,0.78,65
2026-01-25 12:00:00,32.2,53.0,61.0,108.0,18.3,6.7,0.62,156
2026-01-25 13:00:00,33.9,63.0,19.0,37.4,15.8,5.9,0.68,66
2026-01-25 14:00:00,36.4,58.0,18.2,36.9,17.2,4.7,0.59,67
2026-01-25 15:00:00,33.4,59.0,9.0,44.9,13.1,5.6,0.49,40
2026-01-25 16:00:00,33.8,45.0,24.0,34.1,11.7,5.4,0.43,75
2026-01-25 17:00:00,32.7,66.0,10.9,26.3,10.0,5.7,0.38,44
2026-01-25 18:00:00,32.4,66.0,69.0,110.6,20.9,5.4,0.74,159
2026-01-25 19:00:00,31.3,63.0,110.9,176.7,19.1,4.9,0.81,179
2026-01-25 20:00:00,28.7,58.0,69.2,162.0,16.9,6.7,0.86,158
2026-01-25 21:00:00,26.4,71.0,69.1,136.3,23.6,4.2,0.75,158
2026-01-25 22:00:00,26.2,67.0,23.7,69.9,9.0,7.0,0.29,77
2026-01-25 23:00:00,24.6,64.0,14.1,37.5,16.2,6.9,0.53,53
2026-01-26 00:00:00,21.4,70.0,16.2,67.4,11.1,7.8,0.54,60
2026-01-26 01:00:00,16.6,90.0,,38.0,12.4,8.9,0.51,64
2026-01-26 02:00:00,17.9,81.0,35.1,61.5,10.5,7.4,0.59,97
2026-01-26 03:00:00,18.0,77.0,36.0,88.7,11.2,6.9,0.47,103
2026-01-26 04:00:00,19.3,79.0,10.4,29.2,13.1,8.0,0.55,45
2026-01-26 05:00:00,19.8,71.0,13.4,60.5,12.8,7.2,0.52,53
2026-01-26 06:00:00,22.3,67.0,10.7,23.6,11.3,7.3,0.29,42
2026-01-26 07:00:00,21.4,78.0,13.5,35.2,10.9,7.3,0.53,56
2026-01-26 08:00:00,24.1,74.0,26.7,54.4,26.0,5.3,1.0,500
2026-01-26 09:00:00,28.2,61.0,154.4,236.1,27.8,3.8,0.98,202
2026-01-26 10:00:00,30.0,63.0,30.6,57.2,23.6,3.3,1.02,88
2026-01-26 11:00:00,30.8,60.0,81.9,132.0,18.4,5.0,0.64,163
2026-01-26 12:00:00,33.2,53.0,13.4,23.9,15.1,6.0,0.48,55
2026-01-26 13:00:00,34.1,66.0,14.7,33.8,11.3,2.7,0.61,56
2026-01-26 14:00:00,34.4,57.0,14.2,70.3,14.9,5.6,0.64,62
2026-01-26 15:00:00,31.9,61.0,18.7,42.3,16.8,6.6,0.6,63
2026-01-26 16:00:00,31.2,66.0,47.4,91.0,12.9,7.0,0.63,128
2026-01-26 17:00:00,33.7,68.0,31.9,97.5,28.5,5.1,1.07,94
2026-01-26 18:00:00,33.1,58.0,110.3,183.6,26.6,3.7,1.31,175
2026-01-26 19:00:00,30.6,63.0,115.6,160.3,29.5,4.7,1.21,180
2026-01-26 20:00:00,27.2,60.0,32.1,60.4,28.5,4.0,1.24,90
2026-01-26 21:00:00,26.9,68.0,9.7,20.8,7.7,5.4,0.39,38
2026-01-26 22:00:00,27.0,64.0,24.1,41.4,6.5,3.5,0.32,77
2026-01-26 23:00:00,23.6,67.0,12.1,30.2,11.5,8.3,0.37,496
2026-01-27 00:00:00,22.2,81.0,38.2,68.8,10.9,5.1,0.51,112
2026-01-27 01:00:00,20.2,69.0,11.8,29.8,15.3,6.7,0.52,48
2026-01-27 02:00:00,21.3,80.0,10.7,48.7,9.9,7.2,0.52,46
2026-01-27 03:00:00,22.2,77.0,55.4,88.9,13.3,7.8,0.57,500
2026-01-27 04:00:00,18.0,79.0,35.7,68.5,10.9,6.8,0.59,104
2026-01-27 05:00:00,22.9,86.0,14.3,22.2,12.0,6.1,0.52,57
2026-01-27 06:00:00,20.6,84.0,11.1,20.7,11.1,8.3,0.44,46
2026-01-27 07:00:00,23.4,83.0,11.4,51.5,12.1,6.2,0.59,48
2026-01-27 08:00:00,26.4,76.0,28.5,106.4,28.6,5.1,0.97,82
2026-01-27 09:00:00,27.4,70.0,92.8,209.2,23.0,6.8,1.16,170
2026-01-27 10:00:00,31.7,59.0,95.5,177.9,26.5,6.1,0.9,172
2026-01-27 11:00:00,29.3,64.0,49.0,83.5,12.4,4.6,0.51,132
2026-01-27 12:00:00,32.5,65.0,13.6,67.8,13.5,6.3,0.57,54
2026-01-27 13:00:00,34.5,58.0,53.0,133.7,15.1,5.6,0.78,143
2026-01-27 14:00:00,34.5,58.0,15.1,24.8,14.9,4.5,0.43,55
2026-01-27 15:00:00,34.5,59.0,21.3,42.5,16.2,6.0,0.66,72
2026-01-27 16:00:00,38.3,50.0,19.0,40.4,15.7,6.1,0.48,67
2026-01-27 17:00:00,34.7,63.0,111.4,224.4,34.3,5.8,1.16,181
2026-01-27 18:00:00,32.3,73.0,34.9,57.4,30.7,4.9,1.2,100
2026-01-27 19:00:00,31.4,58.0,117.0,169.7,26.3,6.5,1.28,183
2026-01-27 20:00:00,31.1,64.0,31.5,51.4,27.7,5.1,1.22,92
2026-01-27 21:00:00,27.7,70.0,9.7,18.4,9.1,5.9,0.27,41
2026-01-27 22:00:00,25.5,68.0,35.8,59.7,6.8,5.7,0.3,101
2026-01-27 23:00:00,20.4,73.0,36.7,67.5,13.0,6.7,0.46,101
2026-01-28 00:00:00,22.8,71.0,,23.8,9.5,8.6,0.58,52
2026-01-28 01:00:00,21.6,73.0,35.6,71.4,10.4,6.5,0.57,99
2026-01-28 02:00:00,19.6,85.0,10.3,71.8,11.7,8.9,0.66,58
2026-01-28 03:00:00,17.1,90.0,14.7,79.7,10.5,6.7,0.54,63
2026-01-28 04:00:00,19.3,76.0,10.7,79.5,12.2,5.7,0.55,60
2026-01-28 05:00:00,17.7,81.0,61.4,147.2,10.2,7.7,0.45,151
2026-01-28 06:00:00,22.1,75.0,19.4,67.0,10.1,7.8,0.56,64
2026-01-28 07:00:00,23.1,81.0,35.7,104.4,14.2,6.5,0.43,103
2026-01-28 08:00:00,21.1,77.0,27.7,40.6,24.2,3.7,1.08,81
2026-01-28 09:00:00,25.2,72.0,96.6,174.8,24.2,5.3,0.99,170
2026-01-28 10:00:00,30.8,64.0,27.7,49.5,26.1,4.1,0.98,86
2026-01-28 11:00:00,31.3,60.0,73.4,150.1,15.6,4.9,0.47,160
2026-01-28 12:00:00,34.2,55.0,15.3,39.7,17.2,6.2,0.39,59
2026-01-28 13:00:00,32.5,70.0,46.1,63.7,13.4,5.7,0.63,128
2026-01-28 14:00:00,32.5,66.0,16.1,54.1,12.5,3.0,0.55,500
2026-01-28 15:00:00,35.7,54.0,14.4,57.8,14.3,5.5,0.54,56
2026-01-28 16:00:00,35.1,62.0,47.2,84.4,15.1,4.4,0.55,134
2026-01-28 17:00:00,33.1,59.0,183.7,355.7,26.6,5.3,1.17,234
2026-01-28 18:00:00,34.3,63.0,34.6,57.8,27.0,5.9,1.21,100
2026-01-28 19:00:00,31.0,65.0,35.5,57.5,28.3,4.6,1.14,497
2026-01-28 20:00:00,30.8,69.0,33.5,65.8,30.6,6.1,1.07,100
2026-01-28 21:00:00,26.1,74.0,20.9,45.7,10.9,5.1,0.46,69
2026-01-28 22:00:00,24.7,79.0,12.0,25.5,8.3,4.7,0.45,497
2026-01-28 23:00:00,24.4,74.0,12.5,29.6,12.3,7.6,0.41,51
2026-01-29 00:00:00,21.5,76.0,59.1,94.0,13.2,7.5,0.35,157
2026-01-29 01:00:00,21.6,77.0,12.3,31.3,8.0,6.1,0.55,53
2026-01-29 02:00:00,18.8,85.0,33.7,59.9,14.4,7.2,0.44,96
2026-01-29 03:00:00,18.3,84.0,36.2,65.9,11.7,8.7,0.51,103
2026-01-29 04:00:00,21.0,78.0,12.4,52.4,9.3,6.3,0.52,55
2026-01-29 05:00:00,20.4,79.0,16.8,90.9,8.8,6.9,0.41,70
2026-01-29 06:00:00,21.9,70.0,11.6,52.3,12.6,8.3,0.42,48
2026-01-29 07:00:00,23.5,82.0,11.4,31.3,8.4,7.9,0.51,45
2026-01-29 08:00:00,23.4,82.0,154.1,242.1,26.1,5.8,0.93,202
2026-01-29 09:00:00,24.9,71.0,27.0,48.9,25.3,4.9,0.89,81
2026-01-29 10:00:00,30.2,67.0,30.6,49.6,22.2,4.8,0.95,90
2026-01-29 11:00:00,32.5,65.0,15.5,30.2,11.6,4.2,0.49,59
2026-01-29 12:00:00,32.0,62.0,17.3,38.4,14.3,4.6,0.55,61
2026-01-29 13:00:00,33.8,57.0,47.1,74.7,14.9,2.8,0.44,131
2026-01-29 14:00:00,36.7,50.0,76.0,122.3,16.1,5.4,0.5,159
2026-01-29 15:00:00,35.6,63.0,47.3,76.5,16.5,5.9,0.5,130
2026-01-29 16:00:00,36.6,61.0,13.8,55.9,12.8,6.0,0.6,51
2026-01-29 17:00:00,37.0,52.0,185.7,344.7,26.6,6.6,1.28,237
2026-01-29 18:00:00,31.9,60.0,34.5,95.2,34.1,3.3,1.05,99
2026-01-29 19:00:00,28.8,65.0,35.9,57.9,30.2,5.7,1.28,104
2026-01-29 20:00:00,28.4,71.0,111.6,171.7,28.0,1.9,1.26,176
2026-01-29 21:00:00,29.8,68.0,21.8,85.9,9.8,4.5,0.34,68
2026-01-29 22:00:00,25.2,77.0,25.3,54.2,10.0,5.9,0.36,494
2026-01-29 23:00:00,21.8,80.0,37.0,60.9,16.3,7.1,0.49,107
2026-01-30 00:00:00,20.8,73.0,11.9,25.6,12.1,7.2,0.44,51
2026-01-30 01:00:00,16.2,84.0,39.8,84.2,11.6,6.4,0.6,110
2026-01-30 02:00:00,16.9,91.0,13.7,32.4,9.1,8.1,0.4,53
2026-01-30 03:00:00,20.4,81.0,12.9,48.2,10.4,7.8,0.53,54
2026-01-30 04:00:00,17.9,94.0,57.0,148.3,13.2,5.4,0.63,152
2026-01-30 05:00:00,18.1,78.0,54.4,90.1,12.7,9.1,0.43,148
2026-01-30 06:00:00,19.4,83.0,11.8,81.6,11.3,7.3,0.45,62
2026-01-30 07:00:00,23.6,73.0,10.8,51.0,10.3,6.9,0.4,50
2026-01-30 08:00:00,26.2,66.0,95.8,159.6,27.2,5.9,0.99,172
2026-01-30 09:00:00,26.0,73.0,28.3,112.2,26.7,4.6,1.07,79
2026-01-30 10:00:00,28.4,62.0,28.7,76.2,24.8,6.5,1.1,86
2026-01-30 11:00:00,31.3,63.0,48.3,76.9,13.3,4.7,0.56,132
2026-01-30 12:00:00,34.2,58.0,14.2,30.0,15.0,4.1,0.51,56
2026-01-30 13:00:00,34.7,53.0,46.7,116.3,12.3,4.4,0.68,128
2026-01-30 14:00:00,31.9,55.0,18.8,30.1,9.8,5.9,0.67,66
2026-01-30 15:00:00,35.8,56.0,47.1,80.1,16.7,5.1,0.72,131
2026-01-30 16:00:00,36.1,61.0,19.4,38.4,14.7,5.5,0.53,62
2026-01-30 17:00:00,32.0,59.0,112.8,237.3,30.6,5.5,1.39,178
2026-01-30 18:00:00,30.6,62.0,31.2,61.8,27.4,5.4,1.12,90
2026-01-30 19:00:00,29.9,64.0,112.2,205.2,25.1,2.8,1.19,180
2026-01-30 20:00:00,32.7,61.0,184.5,361.0,29.0,6.9,1.36,235
2026-01-30 21:00:00,24.3,68.0,27.2,88.7,4.6,4.0,0.27,84
2026-01-30 22:00:00,26.7,71.0,8.9,77.5,8.3,5.2,0.25,58
2026-01-30 23:00:00,24.6,70.0,37.4,87.9,11.8,7.1,0.55,104
2026-01-31 00:00:00,21.5,84.0,45.0,73.1,14.1,7.9,0.4,119
2026-01-31 01:00:00,17.9,84.0,13.8,26.5,14.3,6.2,0.47,50
2026-01-31 02:00:00,17.6,84.0,14.3,28.9,15.4,10.6,0.53,59
2026-01-31 03:00:00,20.3,76.0,66.4,146.5,10.4,7.6,0.52,156
2026-01-31 04:00:00,20.4,75.0,41.5,91.1,14.3,5.9,0.6,115
2026-01-31 05:00:00,20.4,77.0,40.5,56.9,18.3,8.0,0.54,113
2026-01-31 06:00:00,25.7,66.0,66.6,97.9,15.3,9.3,0.54,155
2026-01-31 07:00:00,23.5,79.0,15.8,60.2,17.3,7.9,0.54,61
2026-01-31 08:00:00,27.1,65.0,12.4,59.8,9.2,4.6,0.3,51
2026-01-31 09:00:00,26.7,65.0,12.0,32.4,8.3,5.0,0.41,498
2026-01-31 10:00:00,27.4,77.0,18.9,38.0,15.7,5.4,0.61,63
2026-01-31 11:00:00,30.4,62.0,20.0,36.7,18.9,5.3,0.71,67
2026-01-31 12:00:00,32.6,62.0,18.0,35.7,15.6,5.8,0.67,64
2026-01-31 13:00:00,33.4,55.0,93.8,158.8,14.8,7.8,0.82,170
2026-01-31 14:00:00,35.7,53.0,93.7,131.4,20.4,4.1,0.68,174
2026-01-31 15:00:00,35.3,56.0,38.3,104.1,12.7,4.7,0.36,105
2026-01-31 16:00:00,34.6,62.0,27.5,52.7,13.1,4.6,0.37,85
2026-01-31 17:00:00,32.5,56.0,8.1,21.6,10.0,7.0,0.61,34
2026-01-31 18:00:00,34.9,58.0,22.2,69.1,19.6,4.7,0.77,71
2026-01-31 19:00:00,34.5,56.0,21.1,63.9,22.1,5.2,0.8,72
2026-01-31 20:00:00,32.0,52.0,70.6,118.3,18.9,4.1,0.66,159
2026-01-31 21:00:00,25.5,69.0,21.7,84.0,21.3,6.3,0.73,70
2026-01-31 22:00:00,26.7,67.0,40.0,61.0,9.8,4.4,0.4,111
2026-01-31 23:00:00,24.4,73.0,42.4,99.8,16.1,9.0,0.56,118
2026-02-01 00:00:00,23.2,78.0,74.0,159.2,7.9,8.6,0.74,161
2026-02-01 01:00:00,20.0,78.0,42.9,87.7,10.7,7.1,0.58,117
2026-02-01 02:00:00,22.3,82.0,14.1,30.1,15.1,8.6,0.51,54
2026-02-01 03:00:00,20.2,81.0,68.4,113.4,15.0,7.0,0.54,157
2026-02-01 04:00:00,18.0,77.0,42.9,111.1,15.5,4.8,0.62,119
2026-02-01 05:00:00,20.3,84.0,46.8,88.4,13.9,6.7,0.51,128
2026-02-01 06:00:00,24.4,62.0,16.4,36.8,16.1,8.9,0.65,59
2026-02-01 07:00:00,23.7,69.0,71.1,160.1,11.8,6.9,0.51,154
2026-02-01 08:00:00,25.7,62.0,14.9,35.5,10.2,3.9,0.31,56
2026-02-01 09:00:00,31.7,54.0,11.5,18.1,9.4,5.1,0.4,47
2026-02-01 10:00:00,30.6,62.0,19.2,40.3,13.1,3.3,0.61,64
2026-02-01 11:00:00,33.7,58.0,61.4,109.3,15.3,5.9,0.65,152
2026-02-01 12:00:00,32.6,60.0,20.1,47.8,17.2,4.6,0.68,69
2026-02-01 13:00:00,31.9,58.0,17.8,89.6,15.9,6.6,0.42,68
2026-02-01 14:00:00,,48.0,18.1,39.7,20.1,6.0,0.74,65
2026-02-01 15:00:00,37.0,51.0,8.6,23.9,8.1,4.8,0.41,35
2026-02-01 16:00:00,36.2,49.0,10.2,55.5,8.2,4.8,0.45,53
2026-02-01 17:00:00,31.7,59.0,28.5,44.2,10.4,4.8,0.45,83
2026-02-01 18:00:00,33.4,63.0,66.8,117.3,18.5,7.3,0.74,156
2026-02-01 19:00:00,32.9,60.0,70.3,165.1,21.0,4.4,0.64,159
2026-02-01 20:00:00,30.1,72.0,68.9,133.1,15.4,6.9,0.78,154
2026-02-01 21:00:00,26.0,62.0,67.1,115.0,19.4,4.1,0.77,156
2026-02-01 22:00:00,25.8,74.0,27.8,81.4,9.4,5.6,0.38,84
2026-02-01 23:00:00,24.1,71.0,13.4,31.1,11.7,7.0,0.59,52
2026-02-02 00:00:00,21.8,77.0,11.5,56.7,11.6,8.6,0.55,52
2026-02-02 01:00:00,21.3,79.0,56.3,125.1,11.8,8.2,0.43,155
2026-02-02 02:00:00,22.9,75.0,37.8,107.8,12.3,7.3,0.47,107
2026-02-02 03:00:00,16.7,89.0,,92.5,13.8,7.4,0.59,68
2026-02-02 04:00:00,18.4,82.0,61.3,84.7,11.3,7.6,0.4,151
2026-02-02 05:00:00,22.6,81.0,38.4,80.5,6.1,7.0,0.43,106
2026-02-02 06:00:00,22.2,74.0,15.2,29.9,10.5,8.1,0.43,56
2026-02-02 07:00:00,22.1,86.0,36.1,93.4,9.9,6.6,0.44,101
2026-02-02 08:00:00,26.0,61.0,98.1,144.5,23.4,4.8,1.0,172
2026-02-02 09:00:00,26.5,70.0,28.8,99.4,27.4,5.6,0.89,85
2026-02-02 10:00:00,34.2,62.0,95.7,222.5,25.2,4.9,0.96,174
2026-02-02 11:00:00,31.7,70.0,16.1,34.1,13.7,4.2,0.52,56
2026-02-02 12:00:00,32.0,69.0,51.2,109.8,12.1,5.5,0.66,137
2026-02-02 13:00:00,34.2,55.0,74.9,163.9,18.1,4.7,0.48,159
2026-02-02 14:00:00,35.8,56.0,21.4,51.0,13.7,5.6,0.66,72
2026-02-02 15:00:00,35.2,59.0,16.9,80.1,17.2,5.3,0.48,62
2026-02-02 16:00:00,35.5,47.0,48.8,112.6,15.8,6.0,0.5,135
2026-02-02 17:00:00,34.3,61.0,31.1,67.9,28.5,5.6,1.34,87
2026-02-02 18:00:00,34.6,53.0,31.9,54.0,22.9,5.7,1.02,91
2026-02-02 19:00:00,31.0,56.0,111.7,174.7,29.9,4.3,1.12,180
2026-02-02 20:00:00,28.6,66.0,112.9,211.9,25.6,7.4,1.26,182
2026-02-02 21:00:00,27.6,64.0,36.5,74.0,8.1,5.7,0.27,106
2026-02-02 22:00:00,24.1,68.0,21.2,32.9,10.1,4.7,0.17,68
2026-02-02 23:00:00,25.5,69.0,33.6,49.5,11.2,8.2,0.56,95
2026-02-03 00:00:00,20.2,86.0,39.2,131.1,11.9,7.6,0.55,108
2026-02-03 01:00:00,17.6,87.0,13.6,81.6,10.9,7.3,0.45,62
2026-02-03 02:00:00,,79.0,57.0,83.3,7.4,8.1,0.39,151
2026-02-03 03:00:00,14.9,90.0,12.7,34.8,13.5,7.7,0.43,47
2026-02-03 04:00:00,20.3,75.0,13.2,30.7,9.6,8.5,0.6,52
2026-02-03 05:00:00,18.8,82.0,17.6,36.9,12.4,8.1,0.47,60
2026-02-03 06:00:00,23.6,72.0,18.5,68.5,10.2,6.3,0.51,61
2026-02-03 07:00:00,21.8,67.0,12.2,20.3,13.2,7.6,0.54,53
2026-02-03 08:00:00,27.3,71.0,33.7,88.8,25.1,5.4,0.96,91
2026-02-03 09:00:00,28.7,72.0,152.4,271.8,23.3,5.0,0.88,200
2026-02-03 10:00:00,31.3,67.0,27.4,49.8,23.2,4.7,1.04,79
2026-02-03 11:00:00,30.1,65.0,19.6,71.2,13.1,3.8,0.41,66
2026-02-03 12:00:00,32.6,53.0,15.0,26.9,15.6,5.8,0.63,54
2026-02-03 13:00:00,34.7,62.0,18.4,80.6,15.4,5.4,0.52,65
2026-02-03 14:00:00,34.4,57.0,14.9,32.9,17.5,4.1,0.55,55
2026-02-03 15:00:00,36.3,49.0,18.1,82.4,13.8,5.2,0.6,57
2026-02-03 16:00:00,34.3,56.0,18.5,42.9,15.9,4.6,0.51,63
2026-02-03 17:00:00,33.7,59.0,110.4,206.7,31.2,5.7,1.03,179
2026-02-03 18:00:00,35.1,53.0,34.8,97.9,27.1,4.3,1.28,98
2026-02-03 19:00:00,30.1,67.0,33.5,60.5,28.1,5.2,1.24,94
2026-02-03 20:00:00,27.1,79.0,32.0,108.1,26.0,3.1,1.07,92
2026-02-03 21:00:00,29.5,58.0,23.0,53.1,7.7,5.9,0.43,75
2026-02-03 22:00:00,24.2,71.0,6.8,23.7,7.6,4.8,0.41,27
2026-02-03 23:00:00,21.5,70.0,12.9,26.9,11.6,9.1,0.56,54
2026-02-04 00:00:00,21.4,80.0,12.5,67.3,15.3,9.2,0.55,54
2026-02-04 01:00:00,22.2,81.0,14.2,27.8,10.5,7.3,0.61,54
2026-02-04 02:00:00,19.0,77.0,14.5,31.1,12.3,8.2,0.38,57
2026-02-04 03:00:00,18.9,76.0,12.1,65.5,12.3,7.6,0.61,497
2026-02-04 04:00:00,18.2,74.0,36.1,90.7,13.4,7.6,0.36,101
2026-02-04 05:00:00,20.9,79.0,33.7,113.0,13.4,7.5,0.43,98
2026-02-04 06:00:00,22.8,71.0,37.4,101.3,13.7,6.6,0.49,104
2026-02-04 07:00:00,24.9,76.0,17.0,34.4,14.6,8.3,0.4,62
2026-02-04 08:00:00,28.0,67.0,32.3,83.6,25.4,6.0,0.93,93
2026-02-04 09:00:00,28.3,64.0,29.2,93.7,25.2,7.8,1.02,87
2026-02-04 10:00:00,30.1,61.0,153.2,229.3,24.9,5.4,0.98,205
2026-02-04 11:00:00,31.9,65.0,18.1,35.7,14.9,3.4,0.52,62
2026-02-04 12:00:00,32.3,62.0,19.4,43.0,13.0,3.2,0.66,67
2026-02-04 13:00:00,35.3,54.0,17.0,62.5,15.8,6.1,0.54,61
2026-02-04 14:00:00,37.1,60.0,75.0,146.1,13.9,6.3,0.56,159
2026-02-04 15:00:00,39.2,42.0,75.7,151.5,12.8,5.3,0.53,160
2026-02-04 16:00:00,38.6,50.0,74.7,112.3,16.5,5.3,0.44,162
2026-02-04 17:00:00,30.6,58.0,37.2,58.3,30.7,6.0,1.07,106
2026-02-04 18:00:00,35.8,65.0,32.5,82.9,35.0,5.5,1.12,93
2026-02-04 19:00:00,30.9,63.0,182.6,350.4,31.3,3.5,1.21,232
2026-02-04 20:00:00,30.2,69.0,32.9,58.3,31.6,5.0,1.17,94
2026-02-04 21:00:00,28.8,63.0,7.5,17.8,11.2,5.1,0.37,30
2026-02-04 22:00:00,27.0,73.0,35.1,62.3,9.3,4.8,0.34,97
2026-02-04 23:00:00,23.1,76.0,37.6,69.4,9.5,8.9,0.45,107
2026-02-05 00:00:00,20.9,79.0,56.3,108.3,11.0,6.3,0.53,152
2026-02-05 01:00:00,20.9,82.0,10.1,29.0,8.1,7.9,0.36,42
2026-02-05 02:00:00,20.8,74.0,36.0,120.0,15.3,8.1,0.57,100
2026-02-05 03:00:00,18.9,78.0,56.8,118.8,11.9,9.8,0.49,151
2026-02-05 04:00:00,19.3,89.0,34.9,55.3,10.6,7.9,0.5,101
2026-02-05 05:00:00,18.4,77.0,14.6,86.8,10.0,8.3,0.49,63
2026-02-05 06:00:00,20.9,76.0,11.5,20.5,12.0,6.8,0.5,48
2026-02-05 07:00:00,23.5,72.0,57.3,111.3,15.3,8.5,0.42,156
2026-02-05 08:00:00,26.4,66.0,93.7,177.2,25.1,6.8,0.89,172
2026-02-05 09:00:00,29.0,72.0,28.6,94.4,24.8,5.1,0.97,88
2026-02-05 10:00:00,28.9,62.0,154.9,263.5,27.5,6.0,0.98,204
2026-02-05 11:00:00,30.4,64.0,13.4,31.1,11.3,5.3,0.55,57
2026-02-05 12:00:00,35.7,60.0,45.0,81.9,13.4,6.4,0.58,123
2026-02-05 13:00:00,35.0,59.0,14.6,27.7,16.5,6.0,0.53,54
2026-02-05 14:00:00,33.8,59.0,14.6,31.2,13.6,5.4,0.59,54
2026-02-05 15:00:00,35.5,61.0,48.0,100.7,12.8,5.3,0.68,133
2026-02-05 16:00:00,35.8,54.0,46.7,78.5,15.7,6.1,0.55,131
2026-02-05 17:00:00,34.7,65.0,34.1,97.4,26.1,5.4,1.0,96
2026-02-05 18:00:00,34.3,55.0,185.8,290.8,28.7,6.3,1.16,236
2026-02-05 19:00:00,31.1,69.0,187.3,279.6,24.2,4.5,1.12,233
2026-02-05 20:00:00,28.3,57.0,191.4,321.8,28.3,3.3,1.04,242
2026-02-05 21:00:00,27.7,67.0,7.9,44.0,8.5,5.2,0.45,38
2026-02-05 22:00:00,26.6,70.0,33.8,111.1,8.7,5.0,0.37,97
2026-02-05 23:00:00,24.4,74.0,12.6,81.5,12.6,9.4,0.36,63
2026-02-06 00:00:00,21.0,81.0,35.2,59.9,,8.0,0.53,98
2026-02-06 01:00:00,21.3,73.0,37.0,61.4,13.9,7.2,0.49,102
2026-02-06 02:00:00,20.9,74.0,56.2,144.6,6.4,10.3,0.45,149
2026-02-06 03:00:00,20.5,77.0,15.9,69.6,,6.8,0.44,61
2026-02-06 04:00:00,22.7,83.0,12.9,35.9,13.8,6.3,0.48,55
2026-02-06 05:00:00,21.2,81.0,37.3,71.9,11.9,7.7,0.49,106
2026-02-06 06:00:00,23.3,85.0,12.9,55.4,15.4,6.3,0.48,51
2026-02-06 07:00:00,23.3,72.0,34.9,78.2,13.2,8.2,0.42,97
2026-02-06 08:00:00,25.2,73.0,26.6,53.9,25.5,6.3,0.95,81
2026-02-06 09:00:00,29.4,64.0,28.9,78.4,24.5,5.9,1.0,82
2026-02-06 10:00:00,27.0,66.0,95.7,194.1,25.9,4.4,1.12,171
2026-02-06 11:00:00,35.1,49.0,15.5,26.0,21.4,5.9,0.55,55
2026-02-06 12:00:00,30.9,58.0,55.9,146.9,16.3,5.6,0.53,147
2026-02-06 13:00:00,34.1,58.0,15.0,32.0,13.1,6.0,0.47,59
2026-02-06 14:00:00,35.0,55.0,47.9,97.8,12.1,6.2,0.53,127
2026-02-06 15:00:00,32.7,70.0,16.2,29.7,13.3,3.3,0.58,64
2026-02-06 16:00:00,37.0,65.0,48.3,121.5,18.3,3.3,0.46,132
2026-02-06 17:00:00,37.2,54.0,32.3,50.2,27.2,7.9,1.18,92
2026-02-06 18:00:00,35.0,61.0,185.6,309.6,28.8,5.0,1.06,238
2026-02-06 19:00:00,29.3,73.0,113.5,199.0,28.7,5.0,1.16,180
2026-02-06 20:00:00,29.8,71.0,189.1,312.7,31.4,5.9,1.14,238
2026-02-06 21:00:00,29.9,65.0,23.0,46.2,8.2,5.5,0.41,76
2026-02-06 22:00:00,23.7,71.0,35.3,77.5,12.7,3.8,0.35,101
2026-02-06 23:00:00,22.4,75.0,14.6,61.1,13.1,8.0,0.61,56
2026-02-07 00:00:00,21.8,72.0,16.2,75.4,13.4,7.1,0.45,62
2026-02-07 01:00:00,18.9,86.0,43.2,72.2,16.7,8.0,0.49,117
2026-02-07 02:00:00,21.0,77.0,16.3,33.2,15.1,7.5,0.61,60
2026-02-07 03:00:00,20.4,81.0,42.9,86.3,16.1,5.2,0.7,115
2026-02-07 04:00:00,19.4,80.0,73.5,93.5,10.8,8.4,0.45,158
2026-02-07 05:00:00,20.2,81.0,42.9,65.2,14.6,7.6,0.6,117
2026-02-07 06:00:00,19.8,77.0,16.3,32.5,11.5,7.8,0.52,63
2026-02-07 07:00:00,23.9,68.0,13.8,30.5,13.8,6.7,0.59,59
2026-02-07 08:00:00,24.9,74.0,26.6,92.4,9.5,6.0,0.3,81
2026-02-07 09:00:00,25.8,72.0,11.6,27.7,10.7,4.1,0.47,47
2026-02-07 10:00:00,31.1,70.0,20.2,40.2,15.6,4.7,0.65,66
2026-02-07 11:00:00,33.2,47.0,61.9,161.5,16.4,5.2,0.83,151
2026-02-07 12:00:00,36.8,58.0,17.3,68.3,18.0,5.1,0.68,65
2026-02-07 13:00:00,34.0,62.0,,112.7,22.0,4.7,0.83,151
2026-02-07 14:00:00,33.8,57.0,20.5,43.1,18.3,6.1,0.68,71
2026-02-07 15:00:00,37.6,59.0,9.3,61.6,8.8,4.2,0.25,51
2026-02-07 16:00:00,35.4,57.0,9.8,26.9,8.8,6.9,0.48,40
2026-02-07 17:00:00,35.6,59.0,27.9,101.3,9.2,3.8,0.34,83
2026-02-07 18:00:00,33.9,68.0,19.7,32.7,19.7,5.2,0.64,67
2026-02-07 19:00:00,32.9,62.0,23.4,87.7,18.6,5.9,0.85,75
2026-02-07 20:00:00,26.7,70.0,68.2,125.7,21.2,5.4,0.75,159
2026-02-07 21:00:00,28.4,63.0,68.8,126.5,14.9,5.6,0.79,156
2026-02-07 22:00:00,23.7,77.0,39.7,64.5,6.1,5.0,0.44,110
2026-02-07 23:00:00,23.1,77.0,50.0,71.8,12.5,8.6,0.45,137
2026-02-08 00:00:00,21.9,73.0,45.5,107.8,14.2,6.9,0.34,128
2026-02-08 01:00:00,20.8,73.0,68.6,138.9,13.4,6.6,0.42,159
2026-02-08 02:00:00,21.5,85.0,15.7,35.9,12.5,6.4,0.49,57
2026-02-08 03:00:00,22.4,76.0,41.9,67.5,15.9,6.5,0.58,115
2026-02-08 04:00:00,22.9,71.0,41.6,76.0,15.1,8.4,0.51,115
2026-02-08 05:00:00,20.9,87.0,16.5,40.2,15.0,6.4,0.51,63
2026-02-08 06:00:00,22.6,76.0,19.2,65.1,14.7,6.2,0.46,68
2026-02-08 07:00:00,26.1,76.0,15.2,75.9,13.8,8.0,0.57,57
2026-02-08 08:00:00,,73.0,25.5,102.1,9.5,5.6,0.45,79
2026-02-08 09:00:00,24.9,73.0,10.4,73.0,10.8,5.4,0.43,59
2026-02-08 10:00:00,30.2,69.0,17.2,42.1,17.4,6.0,0.73,62
2026-02-08 11:00:00,33.1,61.0,58.2,124.8,17.4,5.6,0.79,150
2026-02-08 12:00:00,33.7,57.0,19.6,83.5,15.2,6.3,0.55,68
2026-02-08 13:00:00,36.4,55.0,55.9,105.9,16.1,5.1,0.7,147
2026-02-08 14:00:00,33.6,56.0,17.3,62.0,13.9,6.0,0.66,58
2026-02-08 15:00:00,39.4,53.0,26.3,39.8,5.9,4.9,0.46,82
2026-02-08 16:00:00,36.9,52.0,29.3,53.4,8.2,3.4,0.41,89
2026-02-08 17:00:00,37.2,63.0,38.2,117.7,9.0,6.8,0.33,109
2026-02-08 18:00:00,36.0,49.0,23.4,45.5,20.4,5.6,0.82,73
2026-02-08 19:00:00,30.5,67.0,26.7,55.6,20.8,4.5,0.61,81
2026-02-08 20:00:00,30.4,63.0,24.5,52.4,18.8,5.7,0.69,74
2026-02-08 21:00:00,29.5,70.0,68.5,113.7,17.7,5.2,0.81,159
2026-02-08 22:00:00,26.4,72.0,46.5,138.2,12.1,7.0,0.46,125
2026-02-08 23:00:00,25.7,77.0,18.6,36.1,12.6,7.0,0.5,66
2026-02-09 00:00:00,23.7,74.0,16.6,73.3,8.9,7.6,0.49,57
2026-02-09 01:00:00,20.8,83.0,15.8,72.7,15.7,6.8,0.35,55
2026-02-09 02:00:00,20.3,,35.7,69.6,13.6,9.0,0.46,99
2026-02-09 03:00:00,20.6,73.0,36.9,77.9,8.5,7.3,0.52,103
2026-02-09 04:00:00,20.1,73.0,12.6,28.0,15.1,7.8,0.57,53
2026-02-09 05:00:00,21.8,75.0,58.4,85.8,11.4,8.1,0.41,149
2026-02-09 06:00:00,20.9,88.0,36.6,71.1,13.4,6.9,0.44,104
2026-02-09 07:00:00,23.0,70.0,34.5,106.8,10.2,6.8,0.46,98
2026-02-09 08:00:00,26.0,73.0,29.9,55.2,28.3,5.2,0.98,88
2026-02-09 09:00:00,27.0,67.0,26.5,48.3,24.3,5.4,1.0,79
2026-02-09 10:00:00,31.3,62.0,155.5,232.2,27.7,5.3,1.05,203
2026-02-09 11:00:00,32.9,57.0,13.7,68.0,14.2,5.4,0.61,58
2026-02-09 12:00:00,34.3,52.0,16.5,35.1,14.1,4.8,0.49,59
2026-02-09 13:00:00,36.6,53.0,76.0,102.4,15.9,3.7,0.55,162
2026-02-09 14:00:00,36.8,62.0,51.4,79.8,13.8,4.6,0.71,141
2026-02-09 15:00:00,35.3,61.0,15.8,66.8,13.2,4.6,0.71,58
2026-02-09 16:00:00,38.4,56.0,15.0,76.6,14.6,5.1,0.58,62
2026-02-09 17:00:00,33.7,65.0,34.3,100.4,30.0,3.3,1.15,95
2026-02-09 18:00:00,33.7,64.0,182.7,305.8,29.7,4.3,1.14,231
2026-02-09 19:00:00,32.1,60.0,32.0,105.0,29.4,6.8,1.08,94
2026-02-09 20:00:00,30.5,67.0,183.3,258.7,28.5,3.8,1.15,233
2026-02-09 21:00:00,28.4,74.0,22.2,52.5,9.4,5.5,0.39,68
2026-02-09 22:00:00,25.8,63.0,8.8,65.0,8.9,4.9,0.37,56
2026-02-09 23:00:00,24.3,72.0,11.5,77.4,11.6,7.5,0.36,64
2026-02-10 00:00:00,22.5,76.0,11.4,67.2,13.3,9.4,0.43,57
2026-02-10 01:00:00,19.6,75.0,59.5,118.0,16.1,9.1,0.45,150
2026-02-10 02:00:00,19.0,73.0,37.5,63.0,11.9,7.8,0.6,104
2026-02-10 03:00:00,20.4,71.0,55.9,105.9,9.7,8.9,0.58,151
2026-02-10 04:00:00,18.7,75.0,15.3,35.9,12.6,6.2,0.6,58
2026-02-10 05:00:00,20.3,81.0,14.7,25.2,15.1,8.0,0.63,57
2026-02-10 06:00:00,24.3,71.0,65.1,151.2,12.3,7.8,0.46,150
2026-02-10 07:00:00,22.8,77.0,54.0,110.3,13.1,6.8,0.53,148
2026-02-10 08:00:00,28.1,77.0,154.2,275.8,25.2,5.8,0.97,207
2026-02-10 09:00:00,27.9,63.0,94.5,146.8,24.5,4.7,0.96,171
2026-02-10 10:00:00,31.4,64.0,94.4,171.7,25.1,6.1,1.11,169
2026-02-10 11:00:00,35.0,55.0,82.0,122.5,15.1,5.5,0.5,165
2026-02-10 12:00:00,35.0,51.0,15.2,68.7,17.0,6.0,0.57,56
2026-02-10 13:00:00,34.3,55.0,18.4,82.3,11.2,5.6,0.58,68
2026-02-10 14:00:00,34.7,48.0,77.0,162.8,15.6,6.7,0.46,161
2026-02-10 15:00:00,39.9,51.0,76.4,137.1,13.6,4.9,0.49,158
2026-02-10 16:00:00,37.7,44.0,17.1,90.8,14.9,6.0,0.55,70
2026-02-10 17:00:00,36.3,60.0,182.1,259.9,27.2,4.8,1.18,231
2026-02-10 18:00:00,35.5,49.0,111.6,175.0,28.1,4.5,1.16,178
2026-02-10 19:00:00,34.2,52.0,114.4,246.8,27.3,4.0,1.22,180
2026-02-10 20:00:00,,58.0,31.9,91.5,28.2,6.3,1.18,93
2026-02-10 21:00:00,27.3,62.0,8.6,17.7,7.3,4.1,0.58,35
2026-02-10 22:00:00,23.5,82.0,8.4,18.0,9.7,4.5,0.28,29
2026-02-10 23:00:00,22.5,80.0,39.6,95.5,10.7,5.7,0.45,111
2026-02-11 00:00:00,22.1,75.0,36.8,60.0,13.3,9.0,0.48,107
2026-02-11 01:00:00,21.6,78.0,11.4,30.0,10.5,6.9,0.49,45
2026-02-11 02:00:00,21.3,82.0,17.3,69.9,13.0,5.9,0.63,64
2026-02-11 03:00:00,21.2,77.0,55.1,89.1,11.4,6.6,0.44,146
2026-02-11 04:00:00,20.0,77.0,21.7,43.0,13.2,8.1,0.46,69
2026-02-11 05:00:00,24.4,76.0,13.9,34.3,14.8,7.4,0.48,55
2026-02-11 06:00:00,21.4,78.0,35.6,49.0,12.3,8.5,0.5,99
2026-02-11 07:00:00,25.9,73.0,16.7,37.9,13.3,8.3,0.45,61
2026-02-11 08:00:00,28.5,74.0,152.3,292.4,23.0,7.1,0.92,202
2026-02-11 09:00:00,30.2,61.0,27.7,76.5,23.4,4.2,0.83,86
2026-02-11 10:00:00,29.9,65.0,25.9,41.0,25.0,5.5,1.05,83
2026-02-11 11:00:00,31.4,66.0,17.5,33.0,14.9,5.9,0.63,61
2026-02-11 12:00:00,33.3,63.0,16.0,33.2,13.8,4.4,0.59,58
2026-02-11 13:00:00,33.7,62.0,15.1,26.6,15.7,4.8,0.49,55
2026-02-11 14:00:00,38.8,53.0,78.4,178.1,15.6,5.2,0.63,162
2026-02-11 15:00:00,37.7,54.0,14.1,72.8,16.3,4.4,0.56,58
2026-02-11 16:00:00,38.5,45.0,15.7,81.9,16.8,4.5,0.55,64
2026-02-11 17:00:00,35.2,55.0,111.2,153.4,28.2,5.9,1.15,180
2026-02-11 18:00:00,33.2,61.0,33.6,108.6,32.1,5.1,1.25,97
2026-02-11 19:00:00,32.0,59.0,113.4,196.8,31.9,3.3,1.11,180
2026-02-11 20:00:00,31.2,,33.3,64.9,25.1,6.2,1.17,92
2026-02-11 21:00:00,28.9,67.0,11.9,51.0,8.7,6.4,0.32,50
2026-02-11 22:00:00,26.7,69.0,33.7,63.1,7.5,6.0,0.43,98
2026-02-11 23:00:00,24.6,67.0,35.7,121.8,15.7,8.6,0.47,102
2026-02-12 00:00:00,22.2,80.0,11.3,78.8,11.5,7.4,0.5,62
2026-02-12 01:00:00,21.6,79.0,39.6,55.7,11.6,7.2,0.56,114
2026-02-12 02:00:00,22.2,87.0,12.0,71.2,11.2,7.1,0.44,59
2026-02-12 03:00:00,21.4,72.0,17.3,93.7,13.6,7.1,0.42,72
2026-02-12 04:00:00,18.9,80.0,11.5,70.5,13.8,7.5,0.42,60
2026-02-12 05:00:00,22.5,72.0,15.7,60.2,13.1,7.4,0.45,63
2026-02-12 06:00:00,20.7,82.0,15.7,52.8,10.6,7.9,0.57,59
2026-02-12 07:00:00,24.9,72.0,34.2,43.9,11.2,7.0,0.44,91
2026-02-12 08:00:00,27.1,65.0,94.2,139.8,23.6,6.0,1.17,169
2026-02-12 09:00:00,26.7,74.0,95.1,149.5,26.8,4.9,1.1,173
2026-02-12 10:00:00,30.8,61.0,28.0,98.9,23.9,4.5,0.99,85
2026-02-12 11:00:00,34.1,59.0,23.3,63.2,14.9,5.8,0.54,71
2026-02-12 12:00:00,33.5,61.0,14.3,65.8,16.9,3.4,0.66,57
2026-02-12 13:00:00,33.5,61.0,76.5,147.1,18.6,5.1,0.56,160
2026-02-12 14:00:00,36.2,48.0,45.1,73.0,14.2,5.9,0.47,124
2026-02-12 15:00:00,34.3,57.0,77.9,100.4,16.8,5.9,0.6,166
2026-02-12 16:00:00,36.9,61.0,19.2,84.5,19.5,6.7,0.54,66
2026-02-12 17:00:00,35.1,55.0,33.1,75.3,29.4,5.6,1.08,91
2026-02-12 18:00:00,35.2,64.0,112.0,214.5,24.1,3.5,1.11,181
2026-02-12 19:00:00,33.7,57.0,32.9,59.4,29.0,5.5,1.2,94
2026-02-12 20:00:00,34.4,57.0,34.4,80.1,28.7,5.9,1.18,98
2026-02-12 21:00:00,25.9,75.0,26.1,46.3,6.9,5.9,0.26,79
2026-02-12 22:00:00,27.2,68.0,7.4,59.7,9.8,5.7,0.26,52
2026-02-12 23:00:00,25.1,79.0,12.9,54.8,14.5,6.4,0.59,499
2026-02-13 00:00:00,23.6,72.0,14.0,71.9,9.8,8.0,0.32,60
2026-02-13 01:00:00,20.8,76.0,13.7,65.2,11.0,7.7,0.39,56
2026-02-13 02:00:00,20.2,84.0,10.7,27.3,9.4,7.8,0.63,44
2026-02-13 03:00:00,21.5,77.0,21.9,41.5,11.4,9.2,0.51,72
2026-02-13 04:00:00,22.1,78.0,59.7,96.5,8.6,8.4,0.41,148
2026-02-13 05:00:00,22.8,74.0,57.7,78.0,12.4,6.6,0.43,154
2026-02-13 06:00:00,22.9,77.0,18.3,77.9,11.2,6.1,0.53,60
2026-02-13 07:00:00,25.2,72.0,14.1,25.2,12.8,8.7,0.47,55
2026-02-13 08:00:00,26.7,69.0,96.0,162.7,24.3,4.6,1.07,171
2026-02-13 09:00:00,27.8,55.0,27.0,50.6,23.0,4.4,0.96,81
2026-02-13 10:00:00,33.9,64.0,92.8,158.9,27.0,4.0,0.95,167
2026-02-13 11:00:00,31.5,60.0,17.0,65.6,13.3,5.0,0.64,59
2026-02-13 12:00:00,33.4,62.0,19.9,85.1,15.1,4.0,0.7,66
2026-02-13 13:00:00,36.8,62.0,16.1,41.7,18.4,3.8,0.5,63
2026-02-13 14:00:00,36.4,54.0,15.2,55.0,13.6,4.4,0.55,60
2026-02-13 15:00:00,38.0,48.0,17.9,29.8,13.7,4.9,0.71,64
2026-02-13 16:00:00,37.8,55.0,15.3,61.1,13.2,7.2,0.61,59
2026-02-13 17:00:00,36.0,63.0,34.1,97.7,31.6,4.7,1.15,97
2026-02-13 18:00:00,32.8,61.0,184.4,291.8,29.1,4.9,1.15,230
2026-02-13 19:00:00,33.9,59.0,185.0,258.2,30.3,4.5,1.16,235
2026-02-13 20:00:00,31.2,67.0,32.1,54.7,28.7,6.9,1.0,496
2026-02-13 21:00:00,29.3,53.0,6.8,59.9,10.7,5.4,0.29,51
2026-02-13 22:00:00,27.0,72.0,12.6,75.6,10.5,4.6,0.28,59
2026-02-13 23:00:00,22.8,76.0,37.7,59.2,12.1,6.9,0.41,107
2026-02-14 00:00:00,24.3,76.0,13.6,60.9,16.4,6.4,0.51,55
2026-02-14 01:00:00,20.3,78.0,16.1,32.3,11.4,6.8,0.65,59
2026-02-14 02:00:00,21.9,69.0,41.2,80.1,17.4,6.8,0.63,115
2026-02-14 03:00:00,19.4,80.0,41.6,77.8,11.7,8.4,0.61,117
2026-02-14 04:00:00,19.0,79.0,42.7,74.7,14.7,9.5,0.42,119
2026-02-14 05:00:00,24.4,76.0,44.1,80.4,10.0,7.5,0.6,123
2026-02-14 06:00:00,23.8,71.0,13.2,26.9,12.5,6.6,0.55,54
2026-02-14 07:00:00,26.2,71.0,13.5,81.0,14.3,7.8,0.57,64
2026-02-14 08:00:00,24.0,77.0,12.7,23.2,6.9,3.6,0.38,53
2026-02-14 09:00:00,28.9,70.0,28.8,51.0,9.2,5.6,0.41,85
2026-02-14 10:00:00,30.1,59.0,18.5,32.8,16.5,4.8,0.77,64
2026-02-14 11:00:00,33.3,55.0,57.8,102.2,17.5,6.8,0.73,152
2026-02-14 12:00:00,32.9,53.0,56.8,94.8,17.8,4.0,0.66,152
2026-02-14 13:00:00,35.8,66.0,94.1,132.2,19.8,5.4,0.51,169
2026-02-14 14:00:00,35.2,54.0,58.3,160.8,18.1,7.2,0.66,155
2026-02-14 15:00:00,33.8,60.0,9.7,66.0,8.3,4.1,0.59,55
2026-02-14 16:00:00,37.5,45.0,10.5,78.1,9.5,4.0,0.4,59
2026-02-14 17:00:00,35.9,59.0,10.5,58.0,8.1,4.9,0.31,51
2026-02-14 18:00:00,32.6,51.0,23.0,41.5,19.9,5.9,0.74,71
2026-02-14 19:00:00,36.1,55.0,20.1,95.9,19.5,4.3,0.74,68
2026-02-14 20:00:00,30.9,68.0,23.0,68.3,18.2,4.5,0.69,74
2026-02-14 21:00:00,29.6,68.0,66.5,96.7,22.9,6.1,0.83,157
2026-02-14 22:00:00,25.7,70.0,46.0,107.6,7.7,5.9,0.33,127
2026-02-14 23:00:00,26.8,64.0,14.5,29.9,13.9,9.7,0.47,55
2026-02-15 00:00:00,24.7,72.0,71.0,168.0,17.2,7.7,0.61,154
2026-02-15 01:00:00,21.8,74.0,42.6,110.9,14.7,7.5,0.38,116
2026-02-15 02:00:00,22.4,62.0,41.9,113.4,16.2,8.8,0.43,117
2026-02-15 03:00:00,23.3,70.0,40.8,69.9,11.6,6.5,0.42,114
2026-02-15 04:00:00,22.8,74.0,41.3,114.1,10.0,7.3,0.6,114
2026-02-15 05:00:00,19.6,84.0,18.0,45.1,12.3,8.6,0.58,61
2026-02-15 06:00:00,23.2,68.0,14.2,82.8,14.6,7.6,0.52,63
2026-02-15 07:00:00,24.8,71.0,66.2,153.2,12.5,7.5,0.52,158
2026-02-15 08:00:00,26.2,68.0,29.3,58.1,11.3,6.2,0.42,82
2026-02-15 09:00:00,30.4,64.0,41.2,128.2,9.6,5.2,0.35,113
2026-02-15 10:00:00,,58.0,19.7,43.4,21.0,4.9,0.78,67
2026-02-15 11:00:00,33.0,59.0,61.2,100.1,17.0,5.6,0.67,155
2026-02-15 12:00:00,34.6,55.0,20.7,35.9,15.7,5.1,0.7,72
2026-02-15 13:00:00,38.0,57.0,58.7,112.1,17.4,3.9,0.69,153
2026-02-15 14:00:00,37.3,59.0,94.4,146.6,17.1,4.2,0.74,168
2026-02-15 15:00:00,36.2,50.0,9.5,74.8,8.9,3.2,0.34,59
2026-02-15 16:00:00,37.5,50.0,24.3,101.1,12.9,4.7,0.34,75
2026-02-15 17:00:00,35.8,66.0,24.0,46.3,9.1,5.3,0.4,74
2026-02-15 18:00:00,34.8,51.0,70.5,116.8,17.3,7.0,0.7,157
2026-02-15 19:00:00,30.6,64.0,69.4,156.1,19.1,5.1,0.96,159
2026-02-15 20:00:00,29.5,66.0,21.5,39.4,18.3,5.5,0.93,66
2026-02-15 21:00:00,27.1,67.0,70.4,146.7,18.9,3.3,0.77,158
2026-02-15 22:00:00,28.6,67.0,,44.4,9.4,3.0,0.4,46
2026-02-15 23:00:00,25.5,71.0,70.6,154.8,13.4,7.6,0.46,500
2026-02-16 00:00:00,23.1,72.0,15.0,32.1,12.9,7.5,0.55,56
2026-02-16 01:00:00,19.7,77.0,13.5,22.8,13.0,7.8,0.54,51
2026-02-16 02:00:00,20.6,77.0,15.2,59.3,13.9,7.9,0.38,61
2026-02-16 03:00:00,20.7,69.0,11.8,22.9,11.5,6.9,0.41,51
2026-02-16 04:00:00,23.0,80.0,35.7,56.0,12.4,9.2,0.54,101
2026-02-16 05:00:00,19.0,77.0,61.5,121.9,9.3,8.2,0.53,154
2026-02-16 06:00:00,22.8,80.0,13.2,24.9,8.9,6.7,0.58,53
2026-02-16 07:00:00,23.5,75.0,55.0,120.5,13.6,7.7,0.48,150
2026-02-16 08:00:00,26.2,61.0,28.5,41.9,29.6,6.2,1.0,88
2026-02-16 09:00:00,29.9,69.0,26.1,68.9,21.2,5.1,1.02,79
2026-02-16 10:00:00,30.1,60.0,94.1,204.7,27.1,4.3,0.87,173
2026-02-16 11:00:00,32.2,61.0,,99.2,11.8,5.4,0.59,124
2026-02-16 12:00:00,34.1,61.0,75.0,116.7,12.9,3.7,0.5,158
2026-02-16 13:00:00,36.4,57.0,16.8,75.4,14.7,5.0,0.77,58
2026-02-16 14:00:00,38.5,55.0,17.0,36.9,13.1,6.1,0.46,61
2026-02-16 15:00:00,35.2,51.0,75.4,101.7,12.4,8.0,0.55,156
2026-02-16 16:00:00,35.4,50.0,47.5,112.1,14.9,4.4,0.58,132
2026-02-16 17:00:00,35.1,61.0,113.2,198.5,27.3,4.0,1.17,177
2026-02-16 18:00:00,35.2,56.0,34.3,60.9,29.8,5.5,1.18,96
2026-02-16 19:00:00,34.0,57.0,,201.1,29.9,6.6,1.26,180
2026-02-16 20:00:00,32.9,57.0,114.5,205.4,34.0,4.0,1.14,178
2026-02-16 21:00:00,29.8,63.0,6.8,15.0,11.1,5.0,0.3,28
2026-02-16 22:00:00,29.8,66.0,11.8,21.9,8.6,7.0,0.32,50
2026-02-16 23:00:00,24.6,71.0,34.8,62.7,,7.8,0.56,95
2026-02-17 00:00:00,24.3,73.0,33.8,105.5,16.9,7.0,0.35,95
2026-02-17 01:00:00,21.4,78.0,59.5,132.3,10.3,7.7,0.47,154
2026-02-17 02:00:00,18.8,77.0,11.8,68.2,9.3,7.3,0.33,57
2026-02-17 03:00:00,21.4,81.0,40.5,104.5,13.0,5.5,0.44,114
2026-02-17 04:00:00,20.6,85.0,12.4,29.2,12.4,8.8,0.35,47
2026-02-17 05:00:00,23.9,66.0,12.2,83.0,12.1,8.3,0.6,65
2026-02-17 06:00:00,23.0,65.0,55.6,78.6,12.9,6.8,0.56,149
2026-02-17 07:00:00,23.8,78.0,56.7,94.6,8.9,7.9,0.44,150
2026-02-17 08:00:00,25.4,55.0,27.9,76.0,22.9,6.7,0.84,83
2026-02-17 09:00:00,30.0,64.0,92.9,139.6,21.2,5.0,1.03,172
2026-02-17 10:00:00,27.6,62.0,31.4,104.2,27.5,7.4,0.92,92
2026-02-17 11:00:00,35.9,67.0,47.1,109.4,16.4,6.5,0.74,129
2026-02-17 12:00:00,32.3,60.0,21.7,94.7,17.3,3.9,0.55,72
2026-02-17 13:00:00,33.7,57.0,81.8,124.3,14.1,4.7,0.59,165
2026-02-17 14:00:00,38.0,51.0,16.8,81.1,14.3,6.7,0.59,64
2026-02-17 15:00:00,35.1,57.0,19.5,70.5,13.2,5.4,0.58,67
2026-02-17 16:00:00,36.0,54.0,78.7,130.3,16.4,5.3,0.51,162
2026-02-17 17:00:00,37.9,55.0,32.5,49.4,31.9,5.5,1.12,93
2026-02-17 18:00:00,37.1,53.0,32.4,52.4,30.0,5.4,1.15,95
2026-02-17 19:00:00,34.3,56.0,185.2,239.4,31.5,6.5,1.14,233
2026-02-17 20:00:00,29.8,68.0,31.9,49.3,27.3,3.4,1.22,92
2026-02-17 21:00:00,29.7,63.0,9.2,19.8,8.9,6.7,0.37,37
2026-02-17 22:00:00,25.9,74.0,23.6,89.2,10.3,5.1,0.41,77
2026-02-17 23:00:00,25.5,66.0,11.5,55.1,13.7,8.7,0.41,49
2026-02-18 00:00:00,25.3,75.0,58.8,150.9,12.3,9.0,0.47,152
2026-02-18 01:00:00,20.6,74.0,11.4,62.4,10.1,7.1,0.36,56
2026-02-18 02:00:00,21.2,69.0,35.9,71.7,11.8,9.2,0.35,101
2026-02-18 03:00:00,18.6,70.0,11.7,60.1,15.3,6.2,0.62,53
2026-02-18 04:00:00,21.3,72.0,12.4,25.2,9.6,9.3,0.29,52
2026-02-18 05:00:00,22.2,75.0,56.1,100.5,7.0,8.3,0.39,148
2026-02-18 06:00:00,24.4,,38.4,68.2,13.2,9.1,0.46,110
2026-02-18 07:00:00,23.0,74.0,14.9,34.9,12.7,7.7,0.24,54
2026-02-18 08:00:00,25.8,72.0,28.9,40.6,26.2,6.3,1.06,85
2026-02-18 09:00:00,30.3,65.0,96.0,154.5,26.5,4.6,1.09,500
2026-02-18 10:00:00,27.6,70.0,155.6,246.1,24.1,5.1,1.08,207
2026-02-18 11:00:00,34.0,60.0,16.3,26.0,13.4,4.8,0.48,60
2026-02-18 12:00:00,35.2,63.0,16.1,32.1,15.0,4.8,0.7,58
2026-02-18 13:00:00,35.6,53.0,75.3,113.5,16.5,5.3,0.57,159
2026-02-18 14:00:00,34.8,64.0,17.5,31.8,14.9,3.8,0.59,65
2026-02-18 15:00:00,37.4,54.0,16.4,55.4,12.8,4.2,0.57,60
2026-02-18 16:00:00,37.0,50.0,18.1,43.3,13.9,2.7,0.58,63
2026-02-18 17:00:00,36.1,57.0,32.2,103.7,31.9,3.5,1.19,93
2026-02-18 18:00:00,36.0,52.0,33.9,56.1,28.3,5.6,1.05,99
2026-02-18 19:00:00,31.2,62.0,183.1,302.6,,5.6,1.1,229
2026-02-18 20:00:00,29.5,66.0,34.0,48.4,26.9,4.6,1.14,100
2026-02-18 21:00:00,,61.0,35.4,73.2,9.4,5.2,0.12,103
2026-02-18 22:00:00,27.7,70.0,36.8,63.1,7.8,4.7,0.28,106
2026-02-18 23:00:00,27.7,66.0,34.8,64.8,11.6,6.3,0.41,100
2026-02-19 00:00:00,23.5,72.0,55.1,152.7,8.3,8.1,0.62,149
2026-02-19 01:00:00,23.1,70.0,15.1,67.5,8.8,8.0,0.51,59
2026-02-19 02:00:00,21.6,70.0,11.2,23.6,9.3,7.7,0.47,49
2026-02-19 03:00:00,19.2,88.0,34.3,82.8,9.4,8.5,0.47,97
2026-02-19 04:00:00,19.5,68.0,34.4,58.8,9.7,5.7,0.55,98
2026-02-19 05:00:00,24.9,78.0,32.8,81.9,11.8,7.5,0.55,95
2026-02-19 06:00:00,21.7,75.0,38.2,50.7,12.6,7.9,0.44,107
2026-02-19 07:00:00,23.9,,56.5,85.7,14.0,8.1,0.55,148
2026-02-19 08:00:00,26.8,68.0,30.1,56.2,24.3,3.8,0.81,86
2026-02-19 09:00:00,31.9,62.0,153.4,194.7,25.9,4.6,1.04,207
2026-02-19 10:00:00,32.7,60.0,95.5,176.4,26.0,4.9,1.08,171
2026-02-19 11:00:00,32.1,71.0,76.3,127.4,20.0,6.7,0.56,162
2026-02-19 12:00:00,35.2,54.0,16.1,33.2,11.1,6.7,0.55,58
2026-02-19 13:00:00,38.4,52.0,79.1,188.1,15.0,5.1,0.68,162
2026-02-19 14:00:00,38.8,51.0,47.7,73.9,10.7,4.1,0.54,129
2026-02-19 15:00:00,36.3,62.0,47.6,131.7,16.8,6.4,0.73,130
2026-02-19 16:00:00,35.8,60.0,49.2,75.9,15.8,4.4,0.62,133
2026-02-19 17:00:00,36.4,54.0,110.6,150.4,27.7,4.5,1.12,176
2026-02-19 18:00:00,33.6,69.0,111.5,195.6,29.8,5.3,1.14,180
2026-02-19 19:00:00,33.2,59.0,,54.4,28.4,4.8,1.18,500
2026-02-19 20:00:00,30.1,53.0,32.7,120.0,28.4,3.9,1.13,92
2026-02-19 21:00:00,28.7,58.0,8.7,16.9,10.8,5.6,0.35,34
2026-02-19 22:00:00,27.7,71.0,24.2,91.6,,4.0,0.45,72
2026-02-19 23:00:00,26.2,72.0,56.5,139.1,9.2,6.6,0.5,150
2026-02-20 00:00:00,28.6,69.0,55.9,132.1,11.8,8.8,0.52,154
2026-02-20 01:00:00,19.2,83.0,15.8,58.3,13.5,9.0,0.48,60
2026-02-20 02:00:00,20.4,80.0,14.5,25.0,14.0,8.9,0.41,59
2026-02-20 03:00:00,20.1,73.0,11.2,24.4,9.8,5.9,0.48,48
2026-02-20 04:00:00,22.3,76.0,56.8,144.7,9.4,6.4,0.44,152
2026-02-20 05:00:00,21.5,74.0,14.5,85.6,13.2,7.3,0.37,66
2026-02-20 06:00:00,24.3,61.0,56.5,81.8,12.1,7.1,0.47,151
2026-02-20 07:00:00,26.0,75.0,35.4,51.0,10.5,9.1,0.45,103
2026-02-20 08:00:00,26.2,60.0,93.6,174.9,25.1,5.8,0.98,172
2026-02-20 09:00:00,29.5,63.0,29.0,48.8,18.4,4.6,0.99,87
2026-02-20 10:00:00,30.9,65.0,26.9,55.9,21.6,6.5,0.79,85
2026-02-20 11:00:00,33.1,62.0,14.4,74.2,16.5,3.5,0.54,59
2026-02-20 12:00:00,32.1,56.0,50.8,106.8,18.6,5.5,0.54,138
2026-02-20 13:00:00,37.1,54.0,44.8,91.7,14.1,5.3,0.69,123
2026-02-20 14:00:00,35.2,,77.0,112.3,15.4,5.3,0.64,161
2026-02-20 15:00:00,38.6,46.0,16.1,32.8,9.8,4.1,0.53,61
2026-02-20 16:00:00,35.7,57.0,46.5,133.1,20.3,4.8,0.57,129
2026-02-20 17:00:00,35.0,59.0,113.5,198.3,31.2,4.8,1.25,183
2026-02-20 18:00:00,36.4,55.0,36.4,76.4,27.9,4.0,1.04,102
2026-02-20 19:00:00,34.7,47.0,33.7,79.4,29.6,5.6,1.21,94
2026-02-20 20:00:00,29.5,67.0,37.5,92.2,27.5,6.0,1.22,108
2026-02-20 21:00:00,30.0,68.0,21.9,83.5,9.4,3.7,0.48,70
2026-02-20 22:00:00,29.1,65.0,20.9,100.8,10.4,4.6,0.45,71
2026-02-20 23:00:00,25.4,66.0,36.2,87.9,14.1,7.6,0.49,102
2026-02-21 00:00:00,24.4,70.0,14.7,26.5,15.6,7.8,0.51,55
2026-02-21 01:00:00,20.8,84.0,13.9,70.9,12.2,6.7,0.51,57
2026-02-21 02:00:00,22.4,70.0,67.5,148.7,12.8,10.7,0.57,153
2026-02-21 03:00:00,20.9,78.0,13.6,33.5,11.2,7.7,0.49,51
2026-02-21 04:00:00,20.3,80.0,15.1,76.2,13.0,8.4,0.54,61
2026-02-21 05:00:00,25.3,76.0,41.8,109.5,13.1,6.6,0.71,112
2026-02-21 06:00:00,22.5,73.0,39.5,105.5,16.3,9.1,0.59,111
2026-02-21 07:00:00,24.7,76.0,14.3,38.1,16.4,4.6,0.58,57
2026-02-21 08:00:00,28.9,66.0,38.5,109.3,14.0,4.3,0.4,107
2026-02-21 09:00:00,30.5,71.0,24.1,47.9,8.0,4.6,0.52,74
2026-02-21 10:00:00,31.5,58.0,19.9,90.7,18.9,5.5,0.38,70
2026-02-21 11:00:00,31.1,54.0,16.4,27.2,14.8,4.2,0.6,59
2026-02-21 12:00:00,37.9,53.0,58.1,111.9,19.8,6.9,0.63,148
2026-02-21 13:00:00,33.9,55.0,19.9,35.4,17.9,3.7,0.73,69
2026-02-21 14:00:00,34.5,65.0,96.5,149.4,18.7,5.2,0.77,173
2026-02-21 15:00:00,39.9,47.0,27.7,49.6,8.1,6.9,0.37,81
2026-02-21 16:00:00,36.5,48.0,12.1,47.6,11.3,5.4,0.43,500
2026-02-21 17:00:00,34.2,46.0,39.0,60.6,9.1,7.2,0.29,110
2026-02-21 18:00:00,34.9,57.0,23.1,82.9,17.6,4.7,0.78,73
2026-02-21 19:00:00,33.0,68.0,69.9,99.8,18.2,6.4,0.78,161
2026-02-21 20:00:00,32.0,63.0,114.7,210.2,25.5,4.1,0.77,179
2026-02-21 21:00:00,29.0,80.0,22.0,42.5,20.6,5.7,0.88,70
2026-02-21 22:00:00,25.1,71.0,8.9,77.4,9.0,3.5,0.22,63
2026-02-21 23:00:00,22.7,77.0,13.7,54.2,10.3,9.1,0.66,500
2026-02-22 00:00:00,25.7,68.0,13.2,56.4,9.9,6.1,0.53,56
2026-02-22 01:00:00,25.7,74.0,40.8,65.4,12.8,9.2,0.59,115
2026-02-22 02:00:00,22.9,77.0,65.5,119.5,14.3,6.5,0.58,156
2026-02-22 03:00:00,20.9,78.0,40.1,65.1,12.3,7.0,0.57,108
2026-02-22 04:00:00,19.5,80.0,17.0,78.1,13.2,6.7,0.58,59
2026-02-22 05:00:00,23.8,72.0,67.9,117.1,8.8,7.4,0.57,157
2026-02-22 06:00:00,25.5,73.0,17.0,37.4,13.2,9.0,0.61,58
2026-02-22 07:00:00,25.7,61.0,13.4,76.6,16.8,7.4,0.57,60
2026-02-22 08:00:00,26.8,62.0,9.6,51.0,9.3,4.2,0.42,48
2026-02-22 09:00:00,27.4,65.0,10.3,18.5,9.1,7.2,0.32,42
2026-02-22 10:00:00,30.9,62.0,95.0,136.8,14.9,4.5,0.85,174
2026-02-22 11:00:00,30.9,54.0,58.3,108.5,15.6,5.1,0.7,149
2026-02-22 12:00:00,34.8,54.0,59.3,146.8,15.9,5.7,0.76,155
2026-02-22 13:00:00,39.2,51.0,57.6,85.0,16.0,7.4,0.65,153
2026-02-22 14:00:00,36.5,56.0,17.5,78.2,15.1,6.9,0.62,62
2026-02-22 15:00:00,36.4,55.0,24.1,45.3,8.2,4.0,0.49,70
2026-02-22 16:00:00,36.5,40.0,10.9,61.2,7.2,5.5,0.36,54
2026-02-22 17:00:00,36.2,50.0,13.0,30.3,10.0,6.7,0.42,47
2026-02-22 18:00:00,35.4,49.0,112.2,158.9,18.6,6.4,0.74,184
2026-02-22 19:00:00,34.4,45.0,23.7,47.3,20.7,5.9,0.78,76
2026-02-22 20:00:00,35.3,65.0,112.1,204.1,18.7,6.2,0.74,181
2026-02-22 21:00:00,29.7,60.0,21.6,44.1,18.7,5.2,0.78,71
2026-02-22 22:00:00,28.3,67.0,11.3,26.9,8.8,3.8,0.4,48
2026-02-22 23:00:00,27.3,71.0,41.4,107.9,11.1,10.0,0.42,117
2026-02-23 00:00:00,24.4,67.0,10.8,59.5,14.5,5.0,0.45,50
2026-02-23 01:00:00,24.5,81.0,33.3,97.3,14.0,7.1,0.57,97
2026-02-23 02:00:00,23.3,71.0,58.1,115.3,9.5,6.0,0.47,155
2026-02-23 03:00:00,19.6,81.0,55.9,121.8,12.7,7.3,0.52,153
2026-02-23 04:00:00,22.8,79.0,12.5,34.5,12.7,6.9,0.48,52
2026-02-23 05:00:00,23.5,75.0,62.1,87.2,10.4,7.5,0.42,157
2026-02-23 06:00:00,25.0,75.0,10.9,47.2,12.7,9.8,0.47,44
2026-02-23 07:00:00,26.5,72.0,60.4,95.2,11.7,8.7,0.52,151
2026-02-23 08:00:00,27.2,79.0,30.6,93.5,25.9,5.4,0.99,87
2026-02-23 09:00:00,30.5,63.0,152.3,263.7,26.8,4.6,0.99,204
2026-02-23 10:00:00,33.3,57.0,96.7,170.5,28.0,6.0,0.93,170
2026-02-23 11:00:00,31.7,67.0,46.4,119.7,16.7,6.0,0.56,125
2026-02-23 12:00:00,31.8,60.0,14.5,66.2,16.0,7.2,0.68,58
2026-02-23 13:00:00,34.1,59.0,48.3,71.9,14.4,5.3,0.79,132
2026-02-23 14:00:00,34.1,56.0,15.0,33.4,10.9,3.8,0.58,59
2026-02-23 15:00:00,37.4,47.0,76.8,116.2,15.5,6.3,0.6,163
2026-02-23 16:00:00,38.3,55.0,17.1,29.3,17.3,5.4,0.56,63
2026-02-23 17:00:00,36.5,57.0,31.6,85.0,30.7,5.8,1.26,89
2026-02-23 18:00:00,33.1,60.0,110.3,208.3,26.1,4.2,1.27,179
2026-02-23 19:00:00,34.2,60.0,34.5,58.2,30.9,4.5,1.18,99
2026-02-23 20:00:00,30.3,64.0,32.3,71.9,24.5,5.3,1.26,93
2026-02-23 21:00:00,29.0,67.0,27.4,47.6,9.9,4.9,0.43,80
2026-02-23 22:00:00,31.0,67.0,8.9,58.2,8.8,6.4,0.47,52
2026-02-23 23:00:00,27.6,65.0,12.4,30.8,9.0,7.7,0.43,53
2026-02-24 00:00:00,22.5,72.0,34.6,72.2,11.1,8.6,0.5,97
2026-02-24 01:00:00,21.9,71.0,43.2,119.0,11.7,8.2,0.5,117
2026-02-24 02:00:00,21.3,74.0,11.5,21.1,11.5,9.1,0.54,46
2026-02-24 03:00:00,22.0,73.0,56.3,118.1,12.5,7.5,0.58,151
2026-02-24 04:00:00,20.5,75.0,38.5,74.0,14.3,6.7,0.55,109
2026-02-24 05:00:00,22.1,79.0,33.6,115.8,14.3,7.4,0.53,97
2026-02-24 06:00:00,20.9,76.0,35.7,76.4,10.1,6.7,0.62,101
2026-02-24 07:00:00,24.9,71.0,17.0,80.1,13.0,8.1,0.45,62
2026-02-24 08:00:00,26.4,74.0,93.5,190.9,22.1,3.7,0.93,170
2026-02-24 09:00:00,28.0,75.0,153.1,201.2,23.9,5.3,1.12,205
2026-02-24 10:00:00,32.4,58.0,153.5,300.0,26.9,6.2,0.96,205
2026-02-24 11:00:00,34.7,56.0,75.8,128.0,12.9,5.3,0.6,157
2026-02-24 12:00:00,35.9,60.0,45.3,70.2,14.5,3.3,0.46,125
2026-02-24 13:00:00,35.7,52.0,76.7,135.6,17.3,4.4,0.53,161
2026-02-24 14:00:00,40.0,49.0,17.4,77.4,13.1,5.3,0.4,59
2026-02-24 15:00:00,36.4,51.0,18.8,41.9,15.1,5.8,0.7,64
2026-02-24 16:00:00,36.5,56.0,15.9,72.5,13.5,6.0,0.57,60
2026-02-24 17:00:00,37.9,,32.7,49.5,27.6,5.3,1.14,93
2026-02-24 18:00:00,37.2,61.0,111.4,153.0,26.3,5.9,1.18,179
2026-02-24 19:00:00,33.7,53.0,35.0,87.0,27.4,4.0,1.19,98
2026-02-24 20:00:00,31.3,70.0,32.6,53.1,29.7,5.2,1.08,95
2026-02-24 21:00:00,27.1,58.0,7.2,17.4,8.4,5.6,0.48,31
2026-02-24 22:00:00,29.7,60.0,23.1,59.5,9.8,4.3,0.28,70
2026-02-24 23:00:00,26.2,71.0,12.4,28.2,12.6,9.0,0.48,53
2026-02-25 00:00:00,25.0,73.0,12.2,51.5,11.7,7.1,0.51,48
2026-02-25 01:00:00,22.3,71.0,57.9,86.9,11.7,8.8,0.48,151
2026-02-25 02:00:00,19.6,83.0,34.2,57.2,9.7,5.3,0.64,93
2026-02-25 03:00:00,21.6,80.0,11.8,55.6,13.5,7.6,0.48,49
2026-02-25 04:00:00,22.3,81.0,17.0,77.0,10.1,7.4,0.44,60
2026-02-25 05:00:00,21.4,74.0,11.9,75.6,10.7,6.8,0.46,61
2026-02-25 06:00:00,23.5,80.0,15.8,73.7,12.6,7.3,0.48,59
2026-02-25 07:00:00,26.9,67.0,12.7,71.4,11.2,7.5,0.39,58
2026-02-25 08:00:00,28.3,65.0,29.8,45.6,21.8,3.6,1.02,87
2026-02-25 09:00:00,32.6,59.0,27.3,51.5,24.8,6.8,0.94,83
2026-02-25 10:00:00,33.8,60.0,96.3,157.4,22.6,2.8,0.98,173
2026-02-25 11:00:00,34.1,68.0,76.7,143.2,13.9,4.9,0.65,162
2026-02-25 12:00:00,35.7,60.0,50.3,92.9,12.9,5.6,0.58,138
2026-02-25 13:00:00,36.7,55.0,47.4,126.3,13.6,5.2,0.53,129
2026-02-25 14:00:00,33.9,61.0,14.5,84.8,11.4,5.5,0.59,65
2026-02-25 15:00:00,38.4,49.0,16.6,73.9,,6.1,0.63,60
2026-02-25 16:00:00,35.2,56.0,80.2,129.3,13.6,5.5,0.69,162
2026-02-25 17:00:00,36.2,53.0,114.5,207.0,32.0,5.6,1.17,184
2026-02-25 18:00:00,37.3,57.0,183.4,334.2,31.5,5.1,1.14,233
2026-02-25 19:00:00,33.6,57.0,33.7,45.8,30.0,3.6,1.15,96
2026-02-25 20:00:00,31.3,62.0,112.7,159.4,27.5,5.5,1.26,181
2026-02-25 21:00:00,31.0,63.0,22.7,71.8,4.1,5.1,0.45,72
2026-02-25 22:00:00,27.0,70.0,21.9,75.0,4.9,4.9,0.27,70
2026-02-25 23:00:00,23.9,67.0,11.4,69.1,10.8,6.3,0.74,59
2026-02-26 00:00:00,23.6,,61.0,166.3,11.2,5.0,0.41,155
2026-02-26 01:00:00,23.0,74.0,11.4,76.8,10.1,7.5,0.54,63
2026-02-26 02:00:00,23.2,73.0,62.4,105.6,15.5,5.8,0.44,154
2026-02-26 03:00:00,21.5,78.0,34.1,81.9,14.4,7.3,0.5,96
2026-02-26 04:00:00,24.9,68.0,14.9,87.9,12.8,8.2,0.35,71
2026-02-26 05:00:00,20.3,80.0,56.7,89.9,12.8,6.8,0.53,151
2026-02-26 06:00:00,25.8,78.0,40.8,67.7,12.6,8.3,0.54,112
2026-02-26 07:00:00,26.8,74.0,11.3,77.7,6.4,7.5,0.57,59
2026-02-26 08:00:00,28.2,64.0,155.2,226.8,25.6,4.6,1.0,205
2026-02-26 09:00:00,30.2,69.0,93.0,168.1,28.4,4.9,1.2,170
2026-02-26 10:00:00,30.3,61.0,92.0,186.3,22.7,5.1,0.97,168
2026-02-26 11:00:00,33.4,57.0,52.1,140.5,15.7,4.6,0.59,143
2026-02-26 12:00:00,33.7,65.0,16.5,62.2,14.9,4.7,0.54,57
2026-02-26 13:00:00,36.8,47.0,49.6,122.2,15.6,4.1,0.5,134
2026-02-26 14:00:00,38.0,54.0,14.4,79.4,13.1,4.2,0.73,60
2026-02-26 15:00:00,40.0,55.0,45.7,67.7,12.3,3.4,0.64,126
2026-02-26 16:00:00,37.5,46.0,14.6,57.4,16.2,5.4,0.6,54
2026-02-26 17:00:00,35.7,63.0,186.0,367.4,26.5,3.9,0.98,237
2026-02-26 18:00:00,36.6,59.0,30.6,49.5,29.7,5.2,1.21,86
2026-02-26 19:00:00,35.2,55.0,35.5,103.8,28.9,5.0,1.06,102
2026-02-26 20:00:00,30.8,63.0,111.7,151.6,32.0,4.7,1.13,185
2026-02-26 21:00:00,27.1,72.0,29.8,94.1,,4.9,0.29,85
2026-02-26 22:00:00,26.0,73.0,6.2,71.7,6.5,5.3,0.41,58
2026-02-26 23:00:00,27.8,73.0,56.8,82.4,13.9,7.6,0.57,149
2026-02-27 00:00:00,25.5,75.0,36.8,93.5,11.8,8.9,0.38,102
2026-02-27 01:00:00,21.6,78.0,40.8,71.8,16.2,6.4,0.56,112
2026-02-27 02:00:00,21.1,82.0,15.9,65.8,14.1,6.1,0.35,57
2026-02-27 03:00:00,21.0,75.0,57.5,149.0,11.6,8.4,0.46,152
2026-02-27 04:00:00,23.8,78.0,12.4,67.6,12.2,6.6,0.54,56
2026-02-27 05:00:00,21.7,80.0,11.7,27.9,10.3,6.1,0.44,49
2026-02-27 06:00:00,23.8,71.0,10.3,59.9,13.5,5.6,0.39,53
2026-02-27 07:00:00,25.9,72.0,12.9,19.5,8.8,6.7,0.47,51
2026-02-27 08:00:00,26.5,68.0,27.9,84.8,26.3,3.7,0.97,86
2026-02-27 09:00:00,27.2,63.0,27.5,95.5,24.6,7.5,1.01,85
2026-02-27 10:00:00,33.1,60.0,95.6,161.0,25.9,4.3,1.16,170
2026-02-27 11:00:00,34.3,51.0,18.3,40.6,11.9,6.7,0.68,64
2026-02-27 12:00:00,35.4,54.0,53.4,109.7,15.8,5.2,0.53,142
2026-02-27 13:00:00,36.2,61.0,45.8,121.6,14.7,6.9,0.78,127
2026-02-27 14:00:00,36.0,53.0,75.7,188.9,15.2,7.1,0.59,165
2026-02-27 15:00:00,38.6,49.0,79.1,113.5,14.3,4.8,0.68,162
2026-02-27 16:00:00,36.3,65.0,51.2,119.8,17.2,6.1,0.68,144
2026-02-27 17:00:00,38.4,41.0,113.1,146.3,25.3,6.0,1.12,179
2026-02-27 18:00:00,37.4,55.0,33.2,80.3,30.8,5.7,1.29,93
2026-02-27 19:00:00,33.1,59.0,40.9,72.7,31.1,4.7,1.05,115
2026-02-27 20:00:00,31.9,68.0,31.9,48.3,28.3,5.1,1.14,98
2026-02-27 21:00:00,30.6,57.0,10.6,52.9,7.2,6.5,0.22,50
2026-02-27 22:00:00,25.9,80.0,22.2,50.2,8.9,4.5,0.38,71
2026-02-27 23:00:00,26.7,65.0,34.5,66.1,10.1,8.7,0.43,99
2026-02-28 00:00:00,25.2,77.0,48.1,86.1,12.9,9.2,0.58,132
2026-02-28 01:00:00,23.4,83.0,14.3,38.4,11.7,6.8,0.49,52
2026-02-28 02:00:00,20.6,71.0,43.9,103.0,15.2,10.1,0.62,123
2026-02-28 03:00:00,22.4,76.0,44.1,118.2,15.2,7.6,0.55,118
2026-02-28 04:00:00,21.3,80.0,65.7,118.7,14.3,6.6,0.69,156
2026-02-28 05:00:00,24.3,69.0,67.5,108.5,12.2,8.2,0.41,157
2026-02-28 06:00:00,24.8,80.0,68.0,146.0,14.9,9.2,0.44,156
2026-02-28 07:00:00,27.1,64.0,12.5,22.4,18.7,7.4,0.64,48
2026-02-28 08:00:00,27.0,69.0,39.0,55.5,12.3,5.3,0.47,111
2026-02-28 09:00:00,30.7,65.0,40.9,84.6,9.2,5.4,0.48,116
2026-02-28 10:00:00,31.6,66.0,58.5,127.2,15.6,3.8,0.69,153
2026-02-28 11:00:00,32.3,62.0,17.7,31.5,16.2,5.3,0.77,63
2026-02-28 12:00:00,34.5,60.0,58.1,154.3,17.2,5.5,0.71,500
2026-02-28 13:00:00,38.8,56.0,59.7,94.6,17.3,5.3,0.64,154
2026-02-28 14:00:00,34.8,55.0,16.4,62.6,14.8,4.2,0.62,62
2026-02-28 15:00:00,39.7,50.0,28.8,46.1,8.3,4.4,0.5,86
2026-02-28 16:00:00,38.5,59.0,26.9,51.3,9.7,5.8,0.28,81
2026-02-28 17:00:00,36.8,57.0,27.9,43.1,8.2,4.7,0.23,82
2026-02-28 18:00:00,34.7,57.0,113.4,145.4,19.7,2.3,0.72,181
2026-02-28 19:00:00,33.7,62.0,24.0,82.0,20.9,5.1,0.73,74
2026-02-28 20:00:00,29.7,70.0,19.6,41.8,18.8,7.0,0.79,66
2026-02-28 21:00:00,29.4,59.0,21.6,92.4,19.0,4.6,0.79,71
2026-02-28 22:00:00,,70.0,10.7,74.8,9.5,6.0,0.46,63
2026-02-28 23:00:00,26.7,71.0,19.8,72.9,15.3,7.0,0.57,67
2026-03-01 00:00:00,24.9,67.0,17.1,40.5,14.6,7.1,0.6,63
2026-03-01 01:00:00,22.5,88.0,,28.1,17.5,8.1,0.48,52
2026-03-01 02:00:00,23.0,80.0,69.6,155.7,13.2,8.2,0.52,158
2026-03-01 03:00:00,22.2,79.0,17.5,39.9,12.2,7.3,0.62,63
2026-03-01 04:00:00,20.7,73.0,16.4,74.5,12.5,7.8,0.37,57
2026-03-01 05:00:00,22.0,76.0,70.2,94.7,13.5,7.9,0.79,161
2026-03-01 06:00:00,25.3,67.0,19.1,87.3,17.0,7.8,0.45,67
2026-03-01 07:00:00,25.2,71.0,66.2,124.0,14.8,6.5,0.56,159
2026-03-01 08:00:00,28.7,67.0,25.4,54.6,11.7,5.9,0.25,498
2026-03-01 09:00:00,29.3,72.0,39.3,74.9,12.7,5.6,0.34,111
2026-03-01 10:00:00,32.9,60.0,19.1,41.8,17.1,5.2,0.69,64
2026-03-01 11:00:00,32.2,63.0,21.1,38.6,17.9,5.4,0.74,71
2026-03-01 12:00:00,36.7,61.0,19.4,35.4,18.5,5.6,0.54,64
2026-03-01 13:00:00,35.8,49.0,94.7,159.4,16.1,4.3,0.78,170
2026-03-01 14:00:00,36.6,58.0,58.6,138.4,18.2,6.2,0.77,153
2026-03-01 15:00:00,38.7,,26.8,78.5,7.8,4.8,0.15,82
2026-03-01 16:00:00,36.7,60.0,44.3,76.5,11.6,6.4,0.53,123
2026-03-01 17:00:00,37.0,51.0,8.1,12.7,6.3,4.5,0.44,35
2026-03-01 18:00:00,35.7,57.0,20.3,36.2,18.0,4.7,0.73,66
2026-03-01 19:00:00,36.0,50.0,21.5,37.1,19.6,5.1,0.91,71
2026-03-01 20:00:00,29.3,59.0,26.4,56.1,25.2,5.7,0.83,81
2026-03-01 21:00:00,28.5,68.0,20.9,41.0,16.3,6.4,0.78,69
2026-03-01 22:00:00,28.2,71.0,40.9,109.9,7.6,5.4,0.33,116
2026-03-01 23:00:00,27.1,73.0,43.8,70.2,13.5,6.8,0.45,120
